"","gender","ftype","height","score","expenses","wish"
"903","female","ель обыкновенная",194,5,2600,"да"
"1235",NA,"сосна датская",209,4,2200,NA
"1189","female","пихта Нобилис",129,3,2900,NA
"18","male","сосна датская",143,2,2700,"да"
"871","male","пихта Нобилис",114,4,1400,"нет"
"307","female","ель обыкновенная",237,1,2100,"нет"
"262","male","пихта Нобилис",145,3,1100,"нет"
"37","female","сосна датская",73,3,1700,"нет"
"58","female","сосна Крым",93,2,2300,"нет"
"847","male","ель обыкновенная",143,3,300,"да"
"439","male","сосна датская",106,2,2500,"да"
"483","female","пихта Нобилис",247,1,400,"да"
"924","male","сосна датская",114,5,400,"нет"
"453","female","пихта Нобилис",165,1,2900,"да"
"34","male","сосна Крым",174,3,1100,"нет"
"859","male","сосна Крым",207,4,800,"да"
"1043","female","сосна датская",168,4,2000,"нет"
"855","male","сосна Крым",114,3,2800,"да"
"519","male","пихта Нобилис",227,1,1100,"да"
"990","female","ель обыкновенная",91,3,1300,"нет"
"1217",NA,"пихта Нобилис",165,5,2300,NA
"921","male","пихта Нобилис",90,4,600,"нет"
"571","male","ель обыкновенная",220,2,2900,"нет"
"784","female","сосна датская",79,3,2800,"нет"
"1033","female","пихта Нобилис",139,5,1300,"нет"
"289","male","ель обыкновенная",223,3,600,"нет"
"315","female","сосна Крым",247,1,400,"да"
"503","female","сосна Крым",207,1,2000,"да"
"1245",NA,"сосна датская",248,5,2600,NA
"506","female","сосна Крым",178,1,1700,"да"
"1012","male","сосна Крым",197,3,1600,"да"
"553","female","пихта Нобилис",202,2,2200,"да"
"727","male","сосна датская",143,5,1200,"нет"
"78","female","пихта Нобилис",98,3,2900,"да"
"472","male","пихта Нобилис",161,3,2900,"да"
"325","female","пихта Нобилис",153,1,800,"да"
"179","female","ель обыкновенная",89,1,600,"нет"
"611","female","пихта Нобилис",248,1,500,"да"
"979","female","сосна датская",137,4,2800,"нет"
"152","male","сосна Крым",193,2,900,"да"
"1074","female","сосна Крым",209,4,1300,"да"
"615","male","ель обыкновенная",171,1,400,"да"
"976","female","сосна Крым",126,4,1800,"нет"
"739","female","сосна Крым",115,5,1700,"нет"
"1125","female","сосна Крым",111,3,2300,NA
"956","female","ель обыкновенная",77,4,2600,"нет"
"109","female","ель обыкновенная",156,2,900,"нет"
"250","female","пихта Нобилис",186,1,900,"да"
"638","female","ель обыкновенная",250,3,2200,"да"
"278","female","ель обыкновенная",177,3,2200,"да"
"172","female","сосна Крым",193,2,1800,"да"
"1202",NA,"пихта Нобилис",89,5,2700,NA
"312","male","сосна датская",96,3,900,"нет"
"560","female","пихта Нобилис",149,1,1300,"нет"
"591","female","сосна Крым",137,2,400,"нет"
"23","female","пихта Нобилис",239,2,500,"нет"
"157","male","пихта Нобилис",220,3,2700,"нет"
"899","male","пихта Нобилис",222,4,400,"нет"
"1249",NA,"ель обыкновенная",151,3,2500,NA
"986","female","сосна Крым",77,4,800,"да"
"999","male","пихта Нобилис",178,5,2000,"да"
"842","male","сосна датская",118,4,3000,"нет"
"409","female","пихта Нобилис",115,1,2500,"да"
"375","male","сосна датская",195,2,2600,"нет"
"1","female","пихта Нобилис",125,2,1300,"да"
"649","male","пихта Нобилис",168,5,1800,"нет"
"1068","male","сосна датская",156,4,1400,"да"
"780","male","сосна Крым",235,4,2400,"нет"
"821","male","сосна Крым",103,3,2200,"да"
"1137","female","ель обыкновенная",246,5,1900,NA
"279","male","сосна Крым",236,1,2500,"да"
"778","female","сосна Крым",159,4,1700,"нет"
"879","female","сосна Крым",141,4,500,"да"
"931","male","ель обыкновенная",93,4,2600,"да"
"430","male","сосна Крым",168,3,3000,"нет"
"334","female","сосна датская",91,1,3000,"нет"
"418","female","сосна Крым",232,1,1900,"да"
"1239",NA,"сосна Крым",87,3,900,NA
"89","female","ель обыкновенная",212,1,1600,"нет"
"274","female","пихта Нобилис",156,1,1700,"нет"
"1158","female","сосна датская",141,4,1100,NA
"587","male","ель обыкновенная",180,3,1600,"да"
"1050","female","сосна датская",210,4,400,"нет"
"697","male","сосна Крым",163,5,3000,"да"
"543","male","ель обыкновенная",236,3,800,"нет"
"435","female","ель обыкновенная",106,1,1700,"да"
"616","female","пихта Нобилис",195,2,1400,"нет"
"269","male","сосна Крым",198,3,2800,"нет"
"701","female","ель обыкновенная",77,4,600,"да"
"480","male","пихта Нобилис",120,2,400,"нет"
"462","female","пихта Нобилис",184,2,600,"да"
"427","female","ель обыкновенная",228,1,1100,"нет"
"1195","female","ель обыкновенная",237,5,2300,NA
"893","female","сосна Крым",152,4,2700,"да"
"1007","male","сосна Крым",107,3,2500,"да"
"207","male","ель обыкновенная",110,1,1700,"нет"
"1182","female","сосна Крым",196,5,2600,NA
"387","female","сосна Крым",94,3,400,"нет"
"589","male","сосна датская",113,2,500,"нет"
"1013","female","сосна датская",231,3,2800,"да"
"588","female","сосна Крым",217,2,2200,"да"
"741","male","сосна Крым",245,3,1700,"да"
"915","male","сосна датская",156,4,1100,"да"
"187","male","сосна датская",148,1,1900,"да"
"120","female","сосна датская",86,3,1600,"да"
"1052","female","сосна Крым",81,3,1000,"нет"
"446","female","сосна Крым",223,1,2600,"да"
"937","female","сосна датская",169,3,1000,"да"
"151","female","ель обыкновенная",159,2,1300,"нет"
"139","male","сосна датская",241,2,2900,"да"
"966","female","сосна Крым",126,3,1400,"нет"
"186","male","сосна датская",220,1,2400,"нет"
"112","female","сосна Крым",218,3,2100,"да"
"1181","female","сосна Крым",231,5,600,NA
"1138","female","ель обыкновенная",113,4,1500,NA
"1023","female","сосна датская",214,3,400,"да"
"512","female","пихта Нобилис",228,1,700,"нет"
"415","male","сосна датская",83,1,1100,"нет"
"962","male","ель обыкновенная",164,3,1500,"нет"
"641","male","ель обыкновенная",121,4,2900,"нет"
"900","female","сосна датская",82,4,1100,"нет"
"673","male","сосна датская",111,5,1800,"да"
"166","female","сосна Крым",158,1,2500,"да"
"965","female","пихта Нобилис",245,4,2900,"да"
"347","male","ель обыкновенная",153,3,600,"нет"
"833","male","сосна Крым",140,5,1100,"да"
"930","female","сосна датская",119,3,400,"да"
"634","female","пихта Нобилис",249,5,2500,"да"
"926","female","ель обыкновенная",178,4,300,"да"
"687","male","пихта Нобилис",167,3,400,"да"
"69","male","сосна Крым",142,1,1800,"нет"
"672","female","сосна датская",224,5,1200,"да"
"575","female","сосна Крым",134,2,2200,"нет"
"243","male","пихта Нобилис",205,1,800,"да"
"856","male","сосна Крым",77,5,1000,"нет"
"752","male","сосна датская",154,4,1100,"нет"
"388","female","сосна датская",102,3,1000,"да"
"153","female","сосна Крым",160,1,2300,"да"
"181","female","пихта Нобилис",113,2,1000,"нет"
"868","female","ель обыкновенная",158,4,2900,"нет"
"1132","female","сосна датская",92,5,500,NA
"215","male","сосна Крым",217,3,800,"да"
"1056","male","пихта Нобилис",71,4,1900,"нет"
"40","male","пихта Нобилис",250,1,300,"нет"
"463","male","сосна датская",119,2,400,"да"
"6","male","сосна Крым",86,2,1800,"нет"
"1002","female","пихта Нобилис",175,4,400,"нет"
"841","male","сосна датская",174,4,2500,"да"
"721","male","сосна датская",196,3,300,"да"
"408","male","сосна датская",183,3,2400,"нет"
"102","female","сосна Крым",85,2,2200,"да"
"670","male","ель обыкновенная",76,5,500,"нет"
"807","male","сосна Крым",120,3,800,"нет"
"1045","male","сосна датская",216,3,2200,"да"
"45","male","сосна датская",185,2,400,"нет"
"210","female","ель обыкновенная",116,2,1300,"нет"
"229","female","пихта Нобилис",137,3,1300,"да"
"967","female","пихта Нобилис",83,3,1000,"нет"
"273","female","сосна датская",209,3,1500,"нет"
"1220",NA,"ель обыкновенная",166,5,1000,NA
"549","male","сосна датская",109,1,300,"нет"
"228","male","сосна датская",78,1,500,"да"
"832","male","сосна Крым",193,5,500,"да"
"239","female","сосна Крым",250,2,1600,"да"
"28","female","пихта Нобилис",142,3,1600,"да"
"230","female","сосна Крым",223,2,2000,"да"
"363","male","ель обыкновенная",241,3,800,"нет"
"598","female","сосна Крым",159,3,1300,"нет"
"848","male","ель обыкновенная",115,3,1900,"да"
"755","male","сосна Крым",122,3,1400,"да"
"494","female","пихта Нобилис",148,1,1900,"да"
"1019","female","сосна Крым",153,4,900,"нет"
"772","female","сосна датская",155,4,2600,"нет"
"599","female","сосна Крым",106,3,600,"нет"
"686","female","ель обыкновенная",170,4,2600,"да"
"501","female","ель обыкновенная",192,3,1300,"да"
"350","female","пихта Нобилис",218,3,2600,"нет"
"1051","female","сосна Крым",125,4,900,"да"
"14","male","ель обыкновенная",153,2,2100,"да"
"144","female","ель обыкновенная",183,3,1400,"нет"
"1017","male","сосна датская",110,5,2900,"нет"
"1078","male","пихта Нобилис",237,5,1400,"нет"
"1061","female","сосна датская",90,5,900,"да"
"1112","female","сосна датская",227,5,700,NA
"1248",NA,"ель обыкновенная",238,4,2100,NA
"524","female","пихта Нобилис",165,1,2400,"да"
"889","female","сосна датская",83,4,1600,"да"
"371","female","сосна датская",245,1,3000,"да"
"706","male","ель обыкновенная",143,5,1100,"да"
"714","female","сосна датская",148,4,1200,"нет"
"1090","male","сосна датская",101,3,2500,"нет"
"809","female","пихта Нобилис",115,3,700,"нет"
"760","male","пихта Нобилис",230,5,1600,"да"
"858","female","сосна Крым",72,4,500,"да"
"828","male","сосна датская",148,3,1600,"нет"
"1225",NA,"ель обыкновенная",92,5,2000,NA
"857","female","сосна Крым",80,3,2300,"нет"
"1117","female","ель обыкновенная",73,4,1100,NA
"106","female","сосна датская",181,3,300,"да"
"1201",NA,"пихта Нобилис",107,3,1800,NA
"798","male","сосна датская",87,4,500,"нет"
"532","male","сосна Крым",123,3,600,"да"
"890","female","сосна Крым",231,3,2100,"нет"
"769","male","сосна датская",129,3,2300,"да"
"744","male","сосна Крым",236,3,300,"да"
"948","male","пихта Нобилис",136,3,700,"да"
"1128","male","пихта Нобилис",168,4,400,NA
"373","male","ель обыкновенная",202,3,900,"да"
"665","female","ель обыкновенная",99,4,800,"да"
"140","female","сосна Крым",191,2,500,"да"
"949","female","пихта Нобилис",213,4,900,"нет"
"1146","male","пихта Нобилис",137,3,2600,NA
"176","female","сосна Крым",74,3,2800,"нет"
"854","female","сосна датская",179,3,1500,"да"
"51","female","пихта Нобилис",75,1,2200,"да"
"277","female","ель обыкновенная",140,3,700,"нет"
"1210",NA,"сосна Крым",116,4,1900,NA
"254","female","сосна Крым",126,1,600,"да"
"869","female","сосна датская",239,3,2000,"да"
"9","female","ель обыкновенная",169,2,1700,"да"
"983","female","пихта Нобилис",244,4,500,"нет"
"268","female","пихта Нобилис",172,2,1500,"да"
"805","male","сосна Крым",173,3,1600,"да"
"301","male","пихта Нобилис",215,1,1800,"да"
"413","female","ель обыкновенная",213,1,900,"нет"
"255","male","сосна датская",238,1,300,"нет"
"569","female","ель обыкновенная",185,3,1400,"да"
"565","female","пихта Нобилис",89,1,2400,"да"
"148","female","сосна Крым",140,2,900,"нет"
"378","male","пихта Нобилис",97,2,1900,"нет"
"504","female","сосна датская",108,3,1100,"да"
"516","male","сосна датская",96,3,2000,"да"
"392","female","сосна датская",231,3,300,"нет"
"220","female","ель обыкновенная",109,3,300,"да"
"12","female","ель обыкновенная",233,3,2600,"нет"
"468","male","пихта Нобилис",233,1,1600,"нет"
"573","male","пихта Нобилис",175,3,2500,"нет"
"820","male","пихта Нобилис",123,3,2200,"да"
"322","male","сосна датская",206,2,1000,"нет"
"158","male","сосна датская",158,3,1100,"да"
"825","female","сосна датская",125,4,2500,"да"
"578","male","ель обыкновенная",107,1,1800,"нет"
"1124","female","ель обыкновенная",118,3,500,NA
"944","female","пихта Нобилис",226,4,2700,"нет"
"219","male","сосна Крым",81,2,800,"да"
"1130","male","пихта Нобилис",129,4,800,NA
"895","female","сосна Крым",122,5,400,"да"
"349","male","сосна датская",248,3,500,"да"
"432","male","сосна Крым",162,1,2500,"да"
"645","male","пихта Нобилис",77,4,1800,"да"
"953","male","сосна датская",232,3,1700,"нет"
"583","male","сосна Крым",158,3,1100,"да"
"626","male","пихта Нобилис",186,4,1000,"нет"
"749","female","ель обыкновенная",87,4,600,"да"
"354","female","сосна датская",149,1,1700,"нет"
"662","female","ель обыкновенная",107,3,2500,"нет"
"1036","male","сосна Крым",202,4,3000,"нет"
"677","female","пихта Нобилис",241,3,800,"нет"
"555","female","сосна датская",123,2,1200,"нет"
"226","female","сосна Крым",235,1,500,"нет"
"119","female","пихта Нобилис",222,1,2900,"да"
"646","female","пихта Нобилис",101,5,2500,"нет"
"604","male","пихта Нобилис",94,1,1800,"да"
"671","female","сосна датская",164,5,2500,"да"
"116","female","сосна Крым",139,3,300,"да"
"30","female","сосна датская",126,3,1900,"да"
"188","female","сосна датская",162,1,2000,"нет"
"554","female","ель обыкновенная",180,1,2900,"да"
"720","female","ель обыкновенная",223,3,1100,"да"
"132","female","ель обыкновенная",243,2,2700,"да"
"118","male","сосна датская",203,2,400,"нет"
"1059","male","пихта Нобилис",177,4,3000,"да"
"444","male","ель обыкновенная",211,2,2000,"да"
"83","male","сосна датская",84,1,2600,"нет"
"1111","female","пихта Нобилис",89,4,400,NA
"993","female","сосна датская",197,4,1400,"да"
"1006","male","сосна датская",218,3,2100,"да"
"92","female","ель обыкновенная",164,1,1200,"нет"
"917","female","сосна датская",198,4,800,"нет"
"1031","male","пихта Нобилис",181,3,1300,"нет"
"522","female","сосна Крым",194,3,1700,"нет"
"914","male","сосна датская",225,3,2600,"нет"
"666","female","ель обыкновенная",240,3,1200,"нет"
"369","male","сосна датская",111,2,2600,"да"
"1149","female","ель обыкновенная",94,3,2100,NA
"632","male","ель обыкновенная",216,3,2500,"да"
"535","female","ель обыкновенная",218,2,2300,"нет"
"397","male","ель обыкновенная",178,1,1700,"нет"
"659","female","сосна Крым",208,3,1700,"нет"
"59","male","сосна Крым",72,3,1700,"нет"
"1179","male","сосна датская",173,5,2000,NA
"800","male","сосна датская",137,5,2400,"нет"
"113","male","пихта Нобилис",168,2,2700,"да"
"1161","female","сосна Крым",91,5,1100,NA
"750","female","сосна датская",249,3,1900,"да"
"368","male","сосна датская",216,3,2200,"нет"
"147","female","пихта Нобилис",207,2,1000,"да"
"1105","female","пихта Нобилис",99,3,900,NA
"318","male","сосна датская",133,3,1900,"нет"
"394","male","ель обыкновенная",128,2,2600,"нет"
"1241",NA,"сосна Крым",155,3,300,NA
"1223",NA,"сосна датская",223,5,2600,NA
"184","female","ель обыкновенная",177,1,2200,"да"
"487","male","ель обыкновенная",240,1,2400,"да"
"667","female","сосна Крым",181,5,2200,"нет"
"796","male","сосна датская",245,4,1800,"нет"
"534","male","ель обыкновенная",118,3,600,"да"
"1062","female","сосна датская",77,3,2900,"нет"
"640","male","ель обыкновенная",224,4,2800,"да"
"1147","female","пихта Нобилис",141,3,2700,NA
"1175","male","пихта Нобилис",169,4,1600,NA
"175","male","сосна Крым",228,1,1400,"нет"
"684","male","сосна датская",104,4,2300,"нет"
"161","male","сосна датская",155,2,1100,"нет"
"928","male","ель обыкновенная",239,4,2500,"да"
"1165","female","ель обыкновенная",219,3,3000,NA
"163","female","пихта Нобилис",208,3,700,"нет"
"1197","female","пихта Нобилис",246,3,600,NA
"323","female","сосна датская",146,3,2300,"да"
"680","male","пихта Нобилис",162,4,2200,"да"
"155","male","пихта Нобилис",145,1,2600,"нет"
"1047","male","сосна датская",103,3,2100,"да"
"253","male","сосна датская",114,2,3000,"нет"
"1160","female","пихта Нобилис",210,4,1600,NA
"797","female","сосна датская",95,3,1100,"нет"
"434","male","сосна датская",90,1,2500,"да"
"834","female","пихта Нобилис",143,4,400,"нет"
"346","male","ель обыкновенная",212,1,300,"нет"
"891","male","сосна Крым",185,3,1500,"да"
"156","male","сосна Крым",240,1,1000,"да"
"1155","female","пихта Нобилис",147,3,2300,NA
"710","female","ель обыкновенная",132,5,2300,"нет"
"947","male","ель обыкновенная",130,5,1300,"да"
"1119","female","сосна датская",167,5,1800,NA
"476","male","пихта Нобилис",220,2,500,"да"
"27","male","сосна датская",176,3,2300,"нет"
"191","female","ель обыкновенная",218,3,1400,"нет"
"814","male","сосна датская",208,3,1500,"да"
"1232",NA,"ель обыкновенная",153,3,2400,NA
"283","female","пихта Нобилис",206,1,1400,"да"
"544","male","пихта Нобилис",71,2,500,"да"
"1153","male","ель обыкновенная",189,5,2500,NA
"875","male","сосна Крым",87,4,700,"да"
"961","female","сосна Крым",146,4,1900,"да"
"696","male","пихта Нобилис",176,5,2700,"да"
"225","female","ель обыкновенная",136,1,2400,"да"
"1093","female","пихта Нобилис",77,3,1900,"нет"
"366","male","ель обыкновенная",220,2,1400,"да"
"320","male","ель обыкновенная",111,3,1800,"да"
"454","female","сосна Крым",180,1,2800,"нет"
"795","female","пихта Нобилис",78,5,1700,"да"
"340","male","сосна датская",122,1,600,"да"
"1046","male","ель обыкновенная",226,3,2700,"да"
"936","male","сосна датская",155,5,1200,"да"
"851","male","пихта Нобилис",229,5,1900,"да"
"794","female","сосна Крым",95,4,400,"нет"
"747","male","пихта Нобилис",134,4,1700,"да"
"43","female","пихта Нобилис",194,1,900,"да"
"1140","male","сосна датская",226,5,800,NA
"436","female","пихта Нобилис",152,1,2300,"да"
"1174","male","сосна датская",140,3,1400,NA
"29","female","сосна датская",103,1,1500,"нет"
"1091","female","сосна Крым",186,5,1800,"нет"
"1185","female","сосна Крым",101,5,2500,NA
"257","male","ель обыкновенная",161,2,2200,"да"
"1154","male","пихта Нобилис",86,4,2800,NA
"286","female","пихта Нобилис",249,1,2400,"да"
"95","female","сосна датская",118,3,1100,"нет"
"335","male","сосна Крым",113,3,1700,"да"
"1053","female","сосна датская",89,4,600,"да"
"1186","female","сосна датская",116,4,2000,NA
"217","female","сосна Крым",131,1,1400,"да"
"218","male","сосна Крым",129,1,800,"нет"
"125","male","сосна датская",128,3,1300,"да"
"1000","male","сосна датская",157,4,1000,"да"
"82","male","ель обыкновенная",161,3,1400,"да"
"1148","male","сосна Крым",220,5,1600,NA
"1172","male","пихта Нобилис",170,3,1100,NA
"1089","male","ель обыкновенная",202,4,2200,"нет"
"245","male","сосна датская",140,2,2800,"нет"
"1180","male","сосна Крым",138,3,600,NA
"629","male","сосна Крым",176,5,1000,"да"
"31","female","сосна Крым",89,2,2100,"нет"
"344","male","ель обыкновенная",156,1,2400,"да"
"799","male","сосна Крым",212,5,1500,"да"
"356","female","пихта Нобилис",233,2,2100,"нет"
"861","female","пихта Нобилис",119,4,1400,"да"
"702","male","сосна датская",168,5,2800,"нет"
"280","male","сосна датская",200,3,2700,"да"
"896","male","пихта Нобилис",120,3,1600,"да"
"137","female","ель обыкновенная",83,2,2200,"нет"
"429","female","пихта Нобилис",121,1,2000,"да"
"333","female","ель обыкновенная",179,1,500,"нет"
"419","male","сосна датская",230,1,2100,"да"
"437","male","пихта Нобилис",209,1,2500,"нет"
"1215",NA,"сосна Крым",98,4,1200,NA
"384","female","ель обыкновенная",193,3,2500,"да"
"718","female","сосна Крым",175,4,3000,"нет"
"905","male","сосна Крым",249,5,1100,"да"
"1086","female","сосна датская",182,4,1100,"нет"
"707","female","ель обыкновенная",169,4,2000,"да"
"456","male","сосна датская",177,3,1400,"нет"
"170","female","сосна Крым",121,2,1800,"да"
"958","male","сосна Крым",137,3,1000,"да"
"789","male","сосна датская",139,3,1200,"нет"
"180","male","ель обыкновенная",95,1,2300,"нет"
"1209",NA,"сосна датская",152,3,2700,NA
"1196","male","ель обыкновенная",207,5,2900,NA
"1114","male","ель обыкновенная",99,4,1100,NA
"424","male","ель обыкновенная",162,3,500,"да"
"62","female","сосна Крым",112,1,2700,"да"
"1183","female","сосна датская",88,5,600,NA
"595","female","пихта Нобилис",209,3,2600,"да"
"1218",NA,"сосна датская",238,5,300,NA
"663","female","сосна Крым",138,3,2400,"нет"
"657","female","сосна Крым",202,5,2400,"нет"
"1087","female","сосна датская",77,3,1600,"да"
"1066","female","пихта Нобилис",140,5,500,"нет"
"168","male","сосна Крым",215,3,1600,"да"
"892","female","ель обыкновенная",101,3,900,"да"
"652","male","ель обыкновенная",231,5,300,"нет"
"703","male","ель обыкновенная",221,5,1200,"нет"
"402","female","сосна Крым",86,3,2600,"да"
"781","male","пихта Нобилис",179,3,1500,"да"
"919","female","сосна Крым",100,5,1700,"нет"
"694","male","сосна Крым",243,4,2800,"да"
"1205",NA,"сосна датская",104,3,1500,NA
"498","male","пихта Нобилис",142,1,500,"нет"
"711","male","сосна датская",180,3,2300,"да"
"313","male","пихта Нобилис",82,2,2200,"да"
"216","female","пихта Нобилис",193,2,1100,"нет"
"449","female","ель обыкновенная",99,1,300,"нет"
"46","female","сосна Крым",147,2,600,"да"
"65","female","ель обыкновенная",210,1,2100,"да"
"130","male","пихта Нобилис",133,3,1200,"нет"
"361","male","сосна датская",241,2,2300,"да"
"1072","male","сосна датская",220,4,1700,"нет"
"985","male","сосна датская",167,3,2700,"нет"
"527","male","пихта Нобилис",203,1,2500,"нет"
"459","male","сосна Крым",203,1,1800,"нет"
"625","male","ель обыкновенная",243,3,2400,"да"
"838","male","пихта Нобилис",203,3,500,"нет"
"441","female","сосна датская",247,3,2600,"да"
"724","female","ель обыкновенная",229,3,900,"да"
"826","female","сосна датская",95,5,1700,"нет"
"511","female","сосна датская",178,1,1200,"нет"
"26","male","пихта Нобилис",107,3,800,"да"
"989","male","пихта Нобилис",178,5,2600,"да"
"923","female","пихта Нобилис",205,5,600,"нет"
"221","female","ель обыкновенная",241,2,2200,"нет"
"1135","female","сосна Крым",227,3,2200,NA
"199","female","сосна датская",191,1,1800,"да"
"249","female","ель обыкновенная",162,3,400,"нет"
"822","female","сосна Крым",133,3,1200,"да"
"818","male","сосна датская",122,3,1500,"да"
"1238",NA,"сосна датская",244,5,900,NA
"894","female","пихта Нобилис",211,3,2600,"да"
"708","male","сосна датская",152,3,500,"да"
"324","female","ель обыкновенная",114,1,2700,"да"
"726","male","пихта Нобилис",98,4,1900,"да"
"695","female","ель обыкновенная",188,5,1700,"нет"
"1145","female","сосна датская",127,3,2400,NA
"808","female","сосна Крым",144,5,2300,"нет"
"406","male","сосна датская",90,1,800,"нет"
"208","male","сосна Крым",109,3,1800,"нет"
"803","male","сосна датская",147,4,2000,"да"
"55","male","сосна Крым",118,3,900,"да"
"1065","female","пихта Нобилис",162,3,500,"нет"
"1038","female","сосна Крым",215,5,1700,"нет"
"849","female","пихта Нобилис",200,5,2800,"нет"
"412","female","сосна Крым",226,3,1800,"нет"
"383","female","сосна датская",91,3,2100,"да"
"19","male","сосна Крым",84,2,1900,"да"
"612","male","ель обыкновенная",111,2,800,"да"
"540","male","пихта Нобилис",142,3,2200,"нет"
"417","female","сосна Крым",169,3,2500,"нет"
"21","male","пихта Нобилис",223,3,2400,"нет"
"385","female","сосна Крым",95,3,1100,"да"
"33","female","сосна Крым",249,2,300,"да"
"448","male","ель обыкновенная",95,2,2100,"нет"
"470","male","сосна датская",147,3,2300,"да"
"407","female","пихта Нобилис",82,3,2600,"да"
"214","male","сосна Крым",185,2,2400,"нет"
"362","male","сосна Крым",155,1,1900,"нет"
"405","female","сосна Крым",140,1,2100,"нет"
"763","male","сосна Крым",95,3,2900,"нет"
"211","male","пихта Нобилис",81,1,2000,"нет"
"416","male","сосна Крым",196,1,2600,"да"
"150","male","сосна датская",202,3,2200,"да"
"770","male","сосна датская",178,3,700,"да"
"1094","female","сосна Крым",215,4,2000,"нет"
"1082","male","пихта Нобилис",194,3,2300,"да"
"933","female","сосна Крым",199,3,700,"нет"
"8","female","ель обыкновенная",106,3,1100,"да"
"293","male","сосна датская",110,3,1500,"да"
"929","male","сосна Крым",102,3,1500,"нет"
"521","female","пихта Нобилис",114,3,1500,"нет"
"704","male","пихта Нобилис",200,4,2700,"да"
"423","male","ель обыкновенная",116,2,1200,"да"
"1250",NA,"ель обыкновенная",245,4,2100,NA
"981","female","пихта Нобилис",182,4,1700,"нет"
"87","male","пихта Нобилис",229,1,2800,"да"
"584","female","ель обыкновенная",186,1,2500,"нет"
"607","male","ель обыкновенная",108,1,2500,"нет"
"783","female","ель обыкновенная",91,4,1500,"нет"
"1126","female","ель обыкновенная",86,3,500,NA
"946","male","сосна Крым",129,3,700,"нет"
"57","female","ель обыкновенная",175,3,1100,"да"
"4","female","сосна Крым",118,2,900,"нет"
"887","male","пихта Нобилис",194,3,1100,"нет"
"557","female","сосна датская",105,1,2900,"нет"
"518","male","сосна датская",128,3,800,"нет"
"957","female","сосна Крым",170,4,2900,"да"
"647","male","пихта Нобилис",155,4,400,"да"
"651","female","сосна датская",147,3,1600,"да"
"99","female","ель обыкновенная",96,3,2600,"да"
"488","female","сосна Крым",74,1,1200,"да"
"998","male","сосна Крым",118,4,2200,"да"
"1044","male","сосна Крым",243,4,1400,"нет"
"194","female","сосна датская",208,1,2700,"нет"
"1024","female","пихта Нобилис",166,4,1200,"да"
"497","male","сосна Крым",157,2,300,"да"
"500","male","пихта Нобилис",160,3,1900,"да"
"209","female","сосна Крым",211,2,2900,"нет"
"60","male","ель обыкновенная",131,3,2700,"да"
"676","female","пихта Нобилис",221,3,1700,"да"
"650","female","ель обыкновенная",95,3,2300,"нет"
"574","male","ель обыкновенная",218,2,2800,"нет"
"715","female","пихта Нобилис",77,3,1700,"нет"
"263","male","сосна датская",118,1,2800,"нет"
"154","male","пихта Нобилис",213,3,500,"да"
"829","female","ель обыкновенная",180,3,1100,"нет"
"823","male","сосна Крым",163,4,1000,"да"
"1240",NA,"сосна датская",211,3,1100,NA
"469","female","сосна Крым",131,1,900,"нет"
"88","male","ель обыкновенная",140,3,1500,"да"
"1226",NA,"сосна Крым",222,4,2100,NA
"93","female","сосна датская",101,1,1700,"да"
"536","male","сосна Крым",188,1,2100,"да"
"272","female","ель обыкновенная",177,1,1600,"да"
"719","male","сосна датская",132,3,2000,"нет"
"247","male","сосна Крым",176,3,1900,"да"
"1234",NA,"сосна Крым",99,4,2800,NA
"22","female","сосна датская",119,3,2700,"да"
"145","male","сосна Крым",148,1,2500,"да"
"507","male","сосна Крым",214,1,2700,"нет"
"907","male","пихта Нобилис",233,3,2100,"да"
"525","female","пихта Нобилис",115,1,800,"нет"
"479","female","сосна Крым",166,1,1000,"нет"
"1187","female","ель обыкновенная",125,4,2800,NA
"486","female","сосна Крым",233,2,1700,"нет"
"299","male","ель обыкновенная",99,2,2800,"нет"
"813","female","сосна датская",132,4,1700,"нет"
"975","male","сосна датская",182,4,2600,"нет"
"669","male","сосна Крым",104,4,900,"да"
"688","female","пихта Нобилис",144,5,2500,"да"
"988","male","пихта Нобилис",86,4,700,"нет"
"1102","male","сосна датская",140,5,500,NA
"845","male","ель обыкновенная",133,3,1200,"нет"
"691","female","ель обыкновенная",160,5,1900,"да"
"846","male","сосна Крым",151,3,1400,"нет"
"648","female","пихта Нобилис",150,5,2700,"да"
"300","female","пихта Нобилис",130,3,2200,"нет"
"1169","female","ель обыкновенная",177,3,800,NA
"67","male","сосна Крым",143,1,2400,"да"
"159","male","ель обыкновенная",125,2,1200,"да"
"938","male","сосна Крым",205,5,1100,"нет"
"945","female","сосна Крым",154,3,2600,"да"
"63","male","ель обыкновенная",126,1,1400,"нет"
"994","male","сосна Крым",80,5,900,"нет"
"955","female","ель обыкновенная",216,3,600,"да"
"457","male","сосна Крым",94,2,2400,"да"
"643","male","сосна Крым",246,4,2400,"нет"
"327","male","сосна датская",164,3,2100,"да"
"729","male","сосна Крым",223,4,2500,"да"
"201","female","пихта Нобилис",243,3,1600,"да"
"1025","female","пихта Нобилис",81,4,3000,"нет"
"940","female","ель обыкновенная",115,4,1700,"нет"
"1075","female","пихта Нобилис",220,3,1200,"нет"
"1085","female","ель обыкновенная",172,3,2500,"да"
"550","male","сосна датская",156,1,2400,"да"
"426","male","пихта Нобилис",146,1,1900,"да"
"281","female","сосна датская",241,3,1400,"нет"
"705","female","ель обыкновенная",163,5,2400,"да"
"52","female","пихта Нобилис",108,3,1400,"да"
"837","male","сосна Крым",101,4,1400,"да"
"311","female","сосна Крым",212,1,900,"нет"
"987","female","сосна Крым",218,3,2300,"нет"
"513","female","пихта Нобилис",80,3,2000,"да"
"105","male","сосна датская",246,3,2000,"нет"
"3","female","сосна Крым",149,2,800,"нет"
"737","male","ель обыкновенная",242,3,2500,"да"
"775","female","пихта Нобилис",87,3,1000,"да"
"240","male","ель обыкновенная",91,2,3000,"нет"
"174","male","сосна Крым",185,1,1400,"нет"
"850","male","пихта Нобилис",181,5,2600,"нет"
"601","female","сосна Крым",235,1,700,"нет"
"620","male","сосна Крым",243,3,700,"да"
"717","male","пихта Нобилис",117,5,1000,"да"
"452","male","сосна датская",133,2,1700,"нет"
"943","female","сосна датская",221,5,1100,"нет"
"1163","female","пихта Нобилис",118,4,2600,NA
"1142","male","пихта Нобилис",158,4,500,NA
"898","female","ель обыкновенная",198,4,1400,"нет"
"542","male","ель обыкновенная",205,3,1400,"да"
"811","male","пихта Нобилис",192,3,3000,"да"
"433","male","сосна Крым",91,2,2500,"да"
"329","male","сосна датская",184,3,2200,"нет"
"679","male","ель обыкновенная",143,4,1300,"нет"
"1120","female","сосна датская",118,5,2500,NA
"133","male","пихта Нобилис",168,1,2400,"нет"
"876","female","сосна датская",183,5,2700,"да"
"630","male","сосна Крым",219,3,2400,"нет"
"404","female","сосна Крым",126,3,1300,"нет"
"466","female","ель обыкновенная",104,1,1400,"да"
"655","male","сосна Крым",138,3,1400,"да"
"1122","male","пихта Нобилис",185,3,900,NA
"298","female","пихта Нобилис",71,2,2200,"да"
"1032","female","сосна Крым",231,5,2500,"да"
"1106","male","пихта Нобилис",119,4,1500,NA
"1011","male","ель обыкновенная",96,4,1800,"да"
"912","male","сосна Крым",219,5,3000,"нет"
"81","male","сосна Крым",193,3,2600,"нет"
"76","female","ель обыкновенная",168,3,900,"нет"
"32","female","сосна Крым",111,2,2800,"да"
"420","female","пихта Нобилис",144,2,2500,"нет"
"267","male","ель обыкновенная",169,3,1500,"нет"
"1077","male","сосна датская",211,3,2300,"нет"
"782","female","пихта Нобилис",122,5,1200,"да"
"1213",NA,"пихта Нобилис",237,3,1600,NA
"745","male","сосна датская",102,5,2200,"нет"
"24","female","ель обыкновенная",142,1,1800,"нет"
"1048","female","пихта Нобилис",127,3,1000,"да"
"374","male","сосна датская",225,2,800,"нет"
"104","female","сосна датская",106,3,500,"да"
"1081","female","сосна Крым",77,3,1700,"да"
"913","female","сосна датская",156,5,1700,"нет"
"367","female","ель обыкновенная",216,1,1900,"да"
"291","female","пихта Нобилис",153,2,2800,"нет"
"1109","male","пихта Нобилис",125,3,400,NA
"768","female","сосна Крым",146,5,2300,"нет"
"260","male","пихта Нобилис",185,2,1100,"да"
"960","male","сосна Крым",90,4,400,"нет"
"942","male","сосна датская",174,5,600,"да"
"38","female","ель обыкновенная",73,2,2400,"да"
"777","male","сосна Крым",109,3,2200,"нет"
"61","female","пихта Нобилис",114,3,1600,"нет"
"1171","female","ель обыкновенная",169,3,3000,NA
"471","male","ель обыкновенная",127,1,500,"да"
"107","male","сосна датская",147,3,2100,"да"
"495","female","пихта Нобилис",144,3,1100,"да"
"496","male","сосна датская",206,2,900,"нет"
"305","male","ель обыкновенная",201,3,1300,"нет"
"968","male","сосна датская",120,4,2800,"нет"
"206","male","ель обыкновенная",149,1,1500,"да"
"1156","male","пихта Нобилис",149,3,700,NA
"713","male","пихта Нобилис",179,4,400,"нет"
"1162","female","пихта Нобилис",241,5,600,NA
"1005","female","сосна Крым",206,5,2700,"нет"
"1136","male","пихта Нобилис",188,3,700,NA
"338","female","сосна датская",115,2,600,"нет"
"1236",NA,"сосна датская",124,4,3000,NA
"282","female","пихта Нобилис",105,3,1400,"да"
"751","male","ель обыкновенная",115,4,2100,"да"
"330","female","пихта Нобилис",121,1,1100,"нет"
"505","male","сосна Крым",172,3,800,"да"
"1166","female","сосна датская",149,5,2300,NA
"127","female","пихта Нобилис",185,3,1900,"да"
"862","male","пихта Нобилис",139,5,2500,"нет"
"735","male","сосна датская",207,4,1300,"нет"
"71","female","пихта Нобилис",202,3,1000,"нет"
"264","male","ель обыкновенная",73,2,1200,"нет"
"15","female","сосна Крым",127,2,1300,"да"
"779","female","сосна Крым",79,3,2300,"нет"
"839","female","сосна Крым",83,3,800,"да"
"736","male","пихта Нобилис",156,3,3000,"нет"
"227","female","сосна датская",119,3,600,"да"
"1108","male","сосна датская",122,4,2100,NA
"628","male","пихта Нобилис",100,4,2700,"да"
"577","male","сосна Крым",190,3,1000,"нет"
"593","female","сосна Крым",77,1,1600,"нет"
"602","male","сосна Крым",196,3,1800,"нет"
"746","female","сосна датская",132,5,1200,"нет"
"1229",NA,"сосна Крым",113,3,2500,NA
"295","male","сосна датская",73,1,2000,"нет"
"812","male","пихта Нобилис",137,4,1300,"да"
"178","male","пихта Нобилис",89,2,3000,"нет"
"877","female","пихта Нобилис",144,4,1600,"нет"
"759","male","пихта Нобилис",202,4,2400,"да"
"764","female","сосна Крым",169,4,2500,"нет"
"552","female","ель обыкновенная",214,1,1900,"да"
"1216",NA,"сосна датская",145,3,1900,NA
"633","male","пихта Нобилис",195,4,2700,"да"
"342","female","сосна Крым",85,2,2200,"да"
"767","male","ель обыкновенная",219,3,1600,"нет"
"2","male","пихта Нобилис",78,3,600,"да"
"1009","male","сосна Крым",205,3,1900,"да"
"689","female","пихта Нобилис",108,5,2200,"нет"
"1151","female","сосна Крым",163,5,3000,NA
"1157","female","пихта Нобилис",224,4,1400,NA
"515","male","сосна датская",83,2,1000,"нет"
"438","male","сосна датская",103,1,1500,"нет"
"200","male","сосна датская",211,1,700,"нет"
"590","female","ель обыкновенная",242,2,2800,"нет"
"376","female","сосна датская",108,2,2800,"да"
"725","male","ель обыкновенная",116,3,700,"нет"
"911","female","ель обыкновенная",177,4,2200,"да"
"1073","male","сосна датская",108,4,800,"нет"
"241","female","пихта Нобилис",168,3,1400,"нет"
"473","male","ель обыкновенная",108,1,900,"да"
"1194","male","сосна Крым",216,3,2300,NA
"908","female","сосна датская",134,3,1300,"да"
"234","male","ель обыкновенная",183,3,800,"да"
"7","male","ель обыкновенная",139,2,500,"да"
"66","male","ель обыкновенная",235,1,1600,"да"
"252","female","ель обыкновенная",220,3,600,"да"
"675","female","сосна Крым",72,3,900,"нет"
"561","male","ель обыкновенная",232,1,1500,"да"
"182","male","сосна Крым",166,1,2000,"да"
"64","female","сосна датская",227,1,1300,"да"
"1127","male","сосна датская",249,3,1100,NA
"302","female","пихта Нобилис",143,1,2300,"нет"
"951","female","сосна датская",73,5,1300,"нет"
"1178","male","сосна Крым",150,3,1500,NA
"460","male","ель обыкновенная",106,2,1700,"да"
"196","female","пихта Нобилис",138,1,300,"да"
"678","male","пихта Нобилис",126,5,2600,"да"
"1243",NA,"пихта Нобилис",184,3,3000,NA
"314","male","пихта Нобилис",148,1,2600,"да"
"493","female","ель обыкновенная",174,3,1200,"да"
"964","male","сосна Крым",159,4,2600,"нет"
"639","female","сосна Крым",205,4,1000,"да"
"865","female","пихта Нобилис",218,5,2600,"да"
"1143","male","сосна датская",131,3,2800,NA
"275","male","пихта Нобилис",163,3,3000,"да"
"918","female","сосна датская",249,5,2600,"да"
"723","female","пихта Нобилис",114,3,400,"да"
"510","female","сосна датская",248,1,2500,"нет"
"872","female","сосна Крым",245,5,2500,"нет"
"1067","male","ель обыкновенная",139,5,2600,"нет"
"761","female","сосна датская",233,4,1700,"нет"
"541","male","сосна датская",222,2,1100,"да"
"765","female","пихта Нобилис",116,5,900,"да"
"642","female","пихта Нобилис",230,3,1300,"нет"
"1071","male","ель обыкновенная",168,3,900,"нет"
"108","female","сосна Крым",220,1,2500,"да"
"827","male","сосна Крым",121,4,800,"да"
"232","female","сосна датская",183,2,2700,"да"
"259","female","сосна Крым",140,3,1200,"да"
"564","male","ель обыкновенная",133,2,400,"да"
"941","female","сосна Крым",202,3,2800,"да"
"881","male","ель обыкновенная",205,3,1100,"да"
"292","male","сосна Крым",167,3,2500,"да"
"248","female","сосна датская",138,1,600,"да"
"1144","female","пихта Нобилис",138,5,2500,NA
"622","male","ель обыкновенная",160,1,1100,"да"
"786","male","сосна датская",222,3,1000,"нет"
"198","male","сосна датская",208,2,800,"да"
"539","female","сосна датская",158,2,1400,"да"
"692","male","сосна датская",155,4,2400,"да"
"788","male","сосна Крым",207,5,1700,"нет"
"428","male","ель обыкновенная",85,1,2200,"нет"
"122","female","сосна Крым",208,1,1000,"да"
"576","male","пихта Нобилис",176,1,2400,"да"
"1200","male","сосна датская",125,5,400,NA
"882","female","ель обыкновенная",120,3,1200,"нет"
"53","male","сосна датская",207,2,2300,"да"
"134","female","пихта Нобилис",72,1,2400,"нет"
"1150","female","сосна Крым",105,5,2500,NA
"321","female","сосна Крым",208,1,2000,"нет"
"1003","female","пихта Нобилис",86,3,2700,"нет"
"886","female","сосна Крым",83,5,1900,"да"
"224","female","сосна Крым",160,3,1000,"нет"
"674","male","сосна датская",176,5,2300,"нет"
"860","female","ель обыкновенная",121,5,400,"нет"
"204","male","сосна Крым",240,3,800,"да"
"579","female","ель обыкновенная",150,3,2400,"нет"
"852","male","сосна датская",126,3,2000,"нет"
"117","male","сосна Крым",158,1,500,"нет"
"734","male","пихта Нобилис",108,5,2100,"нет"
"337","female","сосна Крым",201,3,1500,"нет"
"97","male","ель обыкновенная",235,1,300,"да"
"1098","female","сосна Крым",228,5,400,"нет"
"192","male","сосна датская",91,1,2300,"да"
"1060","female","сосна датская",212,4,1500,"нет"
"143","male","сосна датская",117,3,400,"да"
"1020","female","ель обыкновенная",72,5,1500,"нет"
"5","female","сосна Крым",124,2,2800,"да"
"731","female","сосна датская",141,3,300,"нет"
"399","male","пихта Нобилис",83,3,1200,"да"
"115","female","сосна датская",135,2,1900,"да"
"271","male","пихта Нобилис",73,1,1800,"нет"
"656","male","ель обыкновенная",103,4,3000,"да"
"693","male","сосна Крым",245,3,1900,"нет"
"762","male","ель обыкновенная",173,5,2400,"да"
"1176","female","сосна датская",235,4,1800,NA
"101","female","ель обыкновенная",115,2,2600,"да"
"920","male","сосна Крым",206,4,1900,"да"
"296","male","ель обыкновенная",72,2,2500,"нет"
"1101","female","сосна датская",123,3,2400,NA
"1173","female","сосна Крым",198,5,800,NA
"884","female","сосна Крым",156,4,1900,"да"
"668","female","пихта Нобилис",171,3,2400,"нет"
"1008","male","сосна датская",225,3,3000,"нет"
"757","female","пихта Нобилис",188,3,3000,"нет"
"1133","female","сосна датская",249,5,2000,NA
"94","female","пихта Нобилис",111,3,1900,"да"
"213","male","ель обыкновенная",229,1,3000,"нет"
"401","female","сосна датская",233,1,3000,"да"
"1198","male","сосна Крым",123,5,2700,NA
"873","female","пихта Нобилис",83,5,3000,"да"
"581","female","сосна Крым",225,1,2400,"нет"
"370","female","сосна датская",176,2,1100,"да"
"1010","male","сосна Крым",123,5,1400,"да"
"244","male","пихта Нобилис",158,3,1700,"нет"
"1224",NA,"ель обыкновенная",151,4,2400,NA
"1057","female","пихта Нобилис",206,5,2600,"нет"
"551","male","пихта Нобилис",89,2,1400,"нет"
"1134","female","ель обыкновенная",129,5,2500,NA
"1100","male","пихта Нобилис",73,4,1100,"нет"
"1164","female","сосна датская",140,4,2500,NA
"1184","male","сосна датская",171,5,2700,NA
"568","female","пихта Нобилис",195,2,900,"да"
"440","female","сосна датская",219,3,1000,"нет"
"585","female","пихта Нобилис",106,2,1200,"нет"
"970","female","ель обыкновенная",226,4,3000,"да"
"475","female","ель обыкновенная",161,3,2800,"да"
"380","male","пихта Нобилис",134,1,1500,"нет"
"533","male","сосна датская",218,1,800,"да"
"730","female","ель обыкновенная",75,3,800,"нет"
"654","male","пихта Нобилис",93,3,300,"да"
"556","male","сосна датская",75,2,2100,"нет"
"1115","female","пихта Нобилис",102,4,1600,NA
"212","female","сосна Крым",161,3,2800,"нет"
"1168","male","сосна Крым",237,5,1200,NA
"353","female","сосна датская",201,3,1600,"нет"
"477","male","сосна Крым",137,1,2700,"да"
"1190","female","ель обыкновенная",102,3,700,NA
"431","male","пихта Нобилис",225,3,2500,"нет"
"1027","male","пихта Нобилис",82,5,1300,"нет"
"1058","female","пихта Нобилис",97,5,300,"нет"
"836","female","пихта Нобилис",201,4,1300,"да"
"980","female","ель обыкновенная",178,4,1200,"да"
"932","male","сосна Крым",171,4,800,"нет"
"17","male","ель обыкновенная",165,2,1800,"да"
"801","female","сосна Крым",112,3,1000,"да"
"205","female","пихта Нобилис",166,1,1400,"нет"
"238","male","пихта Нобилис",172,3,2700,"да"
"1231",NA,"ель обыкновенная",179,4,2000,NA
"190","female","ель обыкновенная",186,2,3000,"да"
"121","male","сосна Крым",212,2,1100,"нет"
"572","male","сосна Крым",114,3,1000,"нет"
"77","male","пихта Нобилис",242,1,2000,"да"
"96","male","пихта Нобилис",80,1,1500,"да"
"467","male","сосна Крым",235,3,1800,"да"
"614","male","сосна Крым",109,3,2100,"нет"
"517","female","сосна Крым",219,1,2700,"да"
"916","male","сосна Крым",147,5,2700,"да"
"1076","male","ель обыкновенная",222,5,2700,"да"
"235","female","пихта Нобилис",97,2,1100,"да"
"1123","female","сосна датская",116,5,2400,NA
"904","female","пихта Нобилис",197,4,1900,"нет"
"712","male","пихта Нобилис",154,5,900,"нет"
"1063","male","пихта Нобилис",82,3,2700,"да"
"819","female","ель обыкновенная",243,4,1200,"да"
"1228",NA,"сосна Крым",159,4,800,NA
"36","female","сосна Крым",158,1,700,"нет"
"594","female","пихта Нобилис",79,1,2000,"да"
"683","female","пихта Нобилис",95,3,1400,"да"
"1222",NA,"сосна Крым",92,3,1800,NA
"396","female","сосна Крым",171,3,2300,"нет"
"1021","female","ель обыкновенная",137,5,2200,"да"
"996","male","сосна Крым",181,3,600,"нет"
"270","female","пихта Нобилис",202,2,1300,"да"
"68","female","сосна датская",101,3,800,"да"
"1088","male","сосна Крым",196,4,1600,"да"
"304","female","ель обыкновенная",190,3,2900,"да"
"824","male","пихта Нобилис",225,5,1800,"да"
"978","male","сосна датская",174,3,700,"нет"
"558","female","пихта Нобилис",219,2,2600,"да"
"529","female","сосна датская",164,3,3000,"нет"
"160","male","сосна Крым",107,1,600,"нет"
"167","male","ель обыкновенная",219,3,2500,"да"
"316","female","сосна Крым",176,2,2300,"нет"
"73","male","сосна Крым",120,3,1300,"да"
"1037","female","сосна датская",148,4,2900,"да"
"1022","male","пихта Нобилис",196,5,2900,"да"
"126","female","сосна датская",168,3,900,"нет"
"128","female","ель обыкновенная",246,3,1700,"да"
"888","male","сосна Крым",131,4,2500,"нет"
"1018","male","сосна датская",180,5,2700,"нет"
"520","male","сосна датская",112,3,1100,"нет"
"80","male","сосна датская",83,2,600,"да"
"72","female","сосна датская",111,1,2800,"нет"
"1049","male","пихта Нобилис",231,5,2900,"да"
"1064","male","ель обыкновенная",236,3,800,"нет"
"242","female","ель обыкновенная",118,3,2300,"да"
"50","male","сосна датская",194,2,1900,"нет"
"193","female","сосна Крым",176,3,2500,"да"
"474","male","сосна Крым",85,2,500,"нет"
"748","female","пихта Нобилис",208,5,900,"нет"
"1188","male","ель обыкновенная",131,5,1200,NA
"610","female","сосна Крым",159,1,3000,"нет"
"738","male","пихта Нобилис",204,3,900,"да"
"991","male","пихта Нобилис",137,3,800,"нет"
"1233",NA,"ель обыкновенная",201,5,800,NA
"56","female","пихта Нобилис",149,2,1100,"да"
"177","female","сосна датская",195,1,400,"да"
"1107","female","сосна Крым",238,3,3000,NA
"149","female","сосна датская",225,1,700,"нет"
"98","female","сосна датская",250,2,1300,"нет"
"297","female","сосна датская",104,3,3000,"да"
"111","female","сосна Крым",171,3,1400,"нет"
"700","male","ель обыкновенная",107,4,2700,"да"
"600","male","сосна Крым",142,3,2000,"да"
"103","female","сосна датская",84,1,2800,"да"
"231","female","ель обыкновенная",232,1,500,"нет"
"1116","female","сосна датская",172,4,400,NA
"1208",NA,"ель обыкновенная",119,5,2300,NA
"766","male","сосна Крым",227,5,2800,"нет"
"631","female","сосна Крым",108,4,2100,"да"
"1083","female","ель обыкновенная",132,4,2800,"нет"
"776","female","сосна датская",245,5,2000,"да"
"835","female","пихта Нобилис",123,5,1400,"да"
"162","male","сосна Крым",222,1,2400,"нет"
"70","male","сосна датская",157,3,1600,"нет"
"902","female","сосна Крым",247,4,1900,"нет"
"596","female","сосна Крым",190,1,2600,"да"
"732","female","сосна Крым",118,3,2100,"да"
"969","male","сосна Крым",133,3,1600,"да"
"365","male","сосна датская",110,1,2500,"да"
"753","male","сосна Крым",215,3,1900,"нет"
"570","female","ель обыкновенная",176,2,1800,"да"
"1221",NA,"ель обыкновенная",92,4,1200,NA
"223","male","ель обыкновенная",111,2,1500,"да"
"266","female","сосна Крым",225,1,1400,"нет"
"901","male","сосна Крым",73,5,300,"нет"
"136","female","сосна датская",152,1,1400,"да"
"42","male","сосна Крым",113,3,2400,"нет"
"1214",NA,"сосна Крым",154,3,1600,NA
"25","female","сосна Крым",91,1,2900,"нет"
"690","male","ель обыкновенная",118,5,500,"нет"
"372","female","ель обыкновенная",81,2,1200,"да"
"802","female","сосна Крым",72,4,1400,"да"
"608","female","пихта Нобилис",245,2,1000,"да"
"39","female","пихта Нобилис",107,1,1600,"да"
"1079","female","пихта Нобилис",129,5,1200,"нет"
"332","male","пихта Нобилис",119,2,1900,"да"
"758","male","сосна Крым",204,3,500,"нет"
"1041","male","сосна Крым",213,3,3000,"нет"
"1001","female","ель обыкновенная",130,5,2100,"нет"
"395","female","сосна датская",200,2,1000,"нет"
"853","male","пихта Нобилис",203,5,2800,"да"
"1069","male","сосна Крым",124,5,2700,"да"
"141","male","сосна Крым",126,3,2100,"нет"
"844","female","сосна Крым",124,5,600,"нет"
"1141","male","пихта Нобилис",202,5,2400,NA
"1129","female","пихта Нобилис",239,4,1400,NA
"1104","female","ель обыкновенная",155,5,2300,NA
"451","female","пихта Нобилис",243,3,1000,"нет"
"954","female","пихта Нобилис",226,5,500,"нет"
"567","female","пихта Нобилис",75,1,1500,"да"
"925","male","пихта Нобилис",109,3,500,"да"
"792","female","пихта Нобилис",81,3,500,"нет"
"1199","male","сосна датская",201,3,500,NA
"411","male","ель обыкновенная",106,2,900,"нет"
"508","male","сосна датская",96,3,1700,"нет"
"754","male","пихта Нобилис",196,4,2500,"нет"
"443","female","сосна Крым",155,3,1300,"нет"
"445","male","сосна Крым",216,3,900,"да"
"1246",NA,"ель обыкновенная",235,4,1300,NA
"398","female","сосна датская",177,3,3000,"нет"
"47","male","пихта Нобилис",108,2,2100,"нет"
"660","male","пихта Нобилис",248,4,2200,"да"
"75","female","ель обыкновенная",173,3,500,"нет"
"450","male","сосна датская",180,1,2700,"да"
"100","male","сосна Крым",72,3,2800,"нет"
"787","male","сосна датская",193,3,2500,"нет"
"1004","male","сосна датская",145,4,1100,"нет"
"287","male","ель обыкновенная",222,3,1600,"нет"
"984","female","пихта Нобилис",211,3,2500,"да"
"618","female","пихта Нобилис",178,2,400,"да"
"1242",NA,"ель обыкновенная",199,3,1100,NA
"878","male","сосна Крым",243,4,2200,"да"
"816","female","ель обыкновенная",82,3,1600,"да"
"49","female","пихта Нобилис",245,1,1400,"нет"
"935","female","пихта Нобилис",99,3,1000,"нет"
"1028","female","пихта Нобилис",119,3,2900,"да"
"48","male","сосна Крым",235,2,1200,"нет"
"124","female","пихта Нобилис",100,3,600,"да"
"509","male","сосна датская",121,2,2900,"да"
"237","male","сосна Крым",132,2,2000,"да"
"531","female","пихта Нобилис",172,3,1100,"нет"
"897","female","ель обыкновенная",149,4,1200,"нет"
"382","female","сосна Крым",205,2,2300,"да"
"883","male","сосна Крым",163,5,1400,"да"
"123","female","пихта Нобилис",190,2,2200,"нет"
"606","female","пихта Нобилис",147,3,1200,"нет"
"619","male","сосна датская",215,3,1000,"нет"
"261","male","сосна датская",115,3,2100,"да"
"817","female","пихта Нобилис",208,3,900,"да"
"995","male","сосна Крым",89,4,1100,"нет"
"972","female","ель обыкновенная",157,4,1900,"да"
"636","female","сосна Крым",152,3,2600,"нет"
"464","male","сосна Крым",107,2,400,"да"
"1034","male","ель обыкновенная",141,3,1300,"нет"
"523","female","сосна Крым",250,1,1300,"нет"
"959","male","сосна Крым",243,3,1700,"нет"
"963","male","сосна Крым",132,3,2700,"да"
"1131","male","ель обыкновенная",120,5,700,NA
"202","female","пихта Нобилис",248,1,300,"нет"
"442","female","сосна датская",233,3,1300,"да"
"658","female","сосна Крым",169,3,2500,"нет"
"586","male","ель обыкновенная",193,1,2700,"да"
"806","male","пихта Нобилис",96,5,800,"да"
"740","male","сосна датская",200,5,2300,"нет"
"609","male","сосна Крым",132,3,2300,"нет"
"246","male","сосна датская",224,3,300,"да"
"582","male","ель обыкновенная",196,1,1200,"да"
"885","male","ель обыкновенная",250,4,1000,"нет"
"1192","male","пихта Нобилис",129,4,700,NA
"422","male","пихта Нобилис",83,2,1800,"нет"
"360","female","пихта Нобилис",185,3,2200,"нет"
"950","male","сосна Крым",178,3,800,"нет"
"774","male","ель обыкновенная",202,4,800,"нет"
"661","male","пихта Нобилис",200,5,800,"да"
"804","male","сосна Крым",147,5,2600,"да"
"922","male","сосна датская",170,4,300,"да"
"359","male","ель обыкновенная",130,3,2500,"да"
"566","male","сосна датская",121,3,300,"нет"
"484","female","ель обыкновенная",173,1,400,"да"
"276","male","сосна датская",70,3,700,"нет"
"490","female","сосна Крым",147,3,2400,"да"
"461","male","сосна Крым",161,3,1900,"нет"
"756","female","пихта Нобилис",188,5,1600,"да"
"733","female","пихта Нобилис",80,4,1500,"да"
"974","male","сосна датская",172,3,2800,"да"
"485","female","ель обыкновенная",133,2,700,"нет"
"790","male","пихта Нобилис",135,4,2400,"нет"
"840","female","сосна Крым",248,5,1200,"да"
"528","male","пихта Нобилис",91,3,2600,"да"
"352","male","сосна датская",106,1,600,"да"
"863","male","ель обыкновенная",117,5,600,"да"
"348","male","пихта Нобилис",124,1,500,"да"
"447","female","пихта Нобилис",126,1,1300,"да"
"393","female","сосна датская",234,1,2200,"да"
"1070","female","ель обыкновенная",232,5,1100,"да"
"308","male","сосна датская",152,1,1100,"нет"
"165","male","пихта Нобилис",231,2,2200,"да"
"54","female","сосна датская",186,1,900,"нет"
"562","male","сосна датская",89,1,400,"нет"
"146","female","ель обыкновенная",246,2,1100,"нет"
"343","female","сосна Крым",233,3,2300,"нет"
"351","female","сосна Крым",240,1,2400,"нет"
"164","female","сосна датская",203,2,1900,"нет"
"251","female","ель обыкновенная",200,1,2900,"нет"
"222","female","сосна датская",221,3,2300,"нет"
"685","female","пихта Нобилис",135,4,3000,"да"
"1207",NA,"сосна датская",156,3,1000,NA
"1029","male","сосна Крым",88,4,900,"да"
"698","female","сосна датская",144,4,700,"да"
"637","female","пихта Нобилис",124,4,600,"да"
"934","male","сосна Крым",221,5,2700,"да"
"1095","female","ель обыкновенная",168,3,2800,"нет"
"627","female","сосна Крым",222,3,2500,"да"
"771","male","сосна Крым",149,3,1000,"нет"
"288","female","ель обыкновенная",104,3,1800,"да"
"997","male","пихта Нобилис",116,4,2100,"да"
"138","female","сосна датская",239,2,2100,"нет"
"41","female","ель обыкновенная",120,2,2500,"да"
"44","male","пихта Нобилис",156,1,600,"нет"
"386","male","сосна Крым",80,1,900,"да"
"742","female","пихта Нобилис",187,5,1500,"да"
"502","female","ель обыкновенная",181,3,1400,"да"
"597","male","сосна датская",238,3,3000,"нет"
"559","male","ель обыкновенная",200,1,2400,"нет"
"1097","female","пихта Нобилис",150,3,400,"да"
"339","male","сосна Крым",243,1,2000,"да"
"722","female","пихта Нобилис",71,5,800,"да"
"603","female","сосна Крым",113,1,2800,"да"
"1170","female","пихта Нобилис",192,3,1800,NA
"131","male","сосна датская",115,1,900,"да"
"233","male","сосна Крым",243,2,700,"да"
"173","female","сосна Крым",188,3,500,"нет"
"874","female","ель обыкновенная",178,4,2500,"да"
"810","male","сосна Крым",225,4,2700,"нет"
"864","male","сосна датская",132,4,1500,"нет"
"309","male","пихта Нобилис",138,3,2700,"нет"
"644","male","сосна Крым",143,5,2100,"нет"
"1193","male","сосна датская",157,5,1000,NA
"306","male","сосна датская",226,1,2800,"да"
"285","male","сосна Крым",181,3,900,"да"
"256","female","пихта Нобилис",227,3,2400,"нет"
"1035","female","сосна датская",154,3,2600,"нет"
"110","female","пихта Нобилис",166,3,2900,"да"
"538","female","пихта Нобилис",121,2,1800,"нет"
"381","female","сосна Крым",70,3,2600,"нет"
"977","male","сосна датская",70,4,2000,"да"
"189","female","сосна датская",109,1,1300,"нет"
"563","male","сосна датская",200,2,2300,"да"
"1040","male","пихта Нобилис",193,4,600,"нет"
"91","male","пихта Нобилис",112,3,700,"нет"
"815","female","пихта Нобилис",203,4,1700,"нет"
"10","male","сосна датская",133,3,1600,"да"
"1099","male","пихта Нобилис",238,5,1500,"да"
"1042","male","сосна датская",214,4,2500,"да"
"617","male","ель обыкновенная",174,1,300,"нет"
"1026","female","сосна Крым",189,4,500,"да"
"653","male","пихта Нобилис",76,5,500,"нет"
"548","male","пихта Нобилис",193,2,1200,"нет"
"870","female","сосна датская",237,4,1800,"нет"
"1237",NA,"ель обыкновенная",218,4,1700,NA
"203","male","сосна датская",182,1,600,"да"
"866","female","сосна датская",215,3,2600,"нет"
"336","female","пихта Нобилис",148,2,2400,"да"
"317","male","пихта Нобилис",211,1,900,"да"
"1219",NA,"сосна Крым",144,5,2100,NA
"1191","female","сосна датская",142,4,2500,NA
"114","female","сосна датская",154,1,700,"да"
"1014","male","сосна датская",76,3,1300,"нет"
"952","female","сосна Крым",193,5,1500,"да"
"982","female","ель обыкновенная",80,5,1900,"нет"
"90","male","ель обыкновенная",169,2,2900,"нет"
"605","female","сосна датская",192,2,2500,"нет"
"1080","male","сосна Крым",76,5,600,"да"
"1016","female","пихта Нобилис",170,3,1300,"да"
"421","female","пихта Нобилис",222,2,1800,"нет"
"85","female","ель обыкновенная",184,2,600,"да"
"1206",NA,"ель обыкновенная",221,5,2600,NA
"773","female","сосна датская",144,4,900,"нет"
"716","female","ель обыкновенная",193,4,1400,"да"
"635","male","ель обыкновенная",187,3,2300,"да"
"481","male","ель обыкновенная",82,3,800,"нет"
"927","male","сосна Крым",160,4,2700,"да"
"169","female","пихта Нобилис",201,2,2400,"нет"
"35","female","сосна Крым",183,2,1400,"нет"
"478","male","пихта Нобилис",144,1,2000,"да"
"1039","male","ель обыкновенная",110,5,2000,"да"
"16","male","ель обыкновенная",148,2,900,"нет"
"489","female","пихта Нобилис",178,2,1600,"нет"
"379","male","сосна датская",86,3,900,"нет"
"414","male","ель обыкновенная",143,2,600,"да"
"1110","male","сосна датская",130,5,2200,NA
"530","female","сосна датская",212,2,1500,"нет"
"391","female","пихта Нобилис",90,2,2500,"нет"
"183","male","сосна Крым",226,1,2000,"да"
"743","male","пихта Нобилис",245,4,600,"нет"
"331","female","сосна Крым",132,2,1200,"нет"
"377","male","сосна датская",249,2,3000,"да"
"310","male","сосна Крым",173,1,1400,"да"
"1139","female","пихта Нобилис",103,5,1100,NA
"1167","female","пихта Нобилис",74,4,1200,NA
"1030","male","сосна Крым",154,5,800,"нет"
"358","male","сосна датская",73,2,2100,"да"
"880","female","ель обыкновенная",233,5,1000,"нет"
"1204",NA,"пихта Нобилис",97,5,2200,NA
"1084","male","сосна датская",194,3,1500,"нет"
"526","male","сосна датская",109,3,2900,"нет"
"492","female","сосна Крым",128,1,1800,"нет"
"537","female","пихта Нобилис",189,1,400,"нет"
"681","female","сосна Крым",75,5,1700,"да"
"973","female","сосна Крым",121,4,1400,"да"
"910","female","пихта Нобилис",180,5,2500,"да"
"1015","male","сосна Крым",104,5,1700,"нет"
"197","male","сосна Крым",109,2,1500,"да"
"621","male","ель обыкновенная",201,1,1200,"нет"
"1055","male","сосна Крым",92,5,2600,"нет"
"11","female","сосна Крым",78,3,1400,"нет"
"1230",NA,"сосна Крым",137,3,300,NA
"185","male","пихта Нобилис",221,2,900,"нет"
"345","male","пихта Нобилис",202,1,3000,"нет"
"906","female","пихта Нобилис",233,4,2100,"да"
"1177","male","пихта Нобилис",72,4,2700,NA
"499","female","пихта Нобилис",88,3,3000,"нет"
"1227",NA,"ель обыкновенная",201,3,1400,NA
"592","female","сосна датская",76,2,3000,"нет"
"1113","female","сосна датская",157,5,1400,NA
"1212",NA,"сосна датская",250,4,2200,NA
"793","male","пихта Нобилис",173,4,500,"нет"
"1054","female","ель обыкновенная",87,3,1200,"да"
"389","female","сосна Крым",221,3,2200,"нет"
"867","male","пихта Нобилис",185,5,300,"нет"
"341","male","сосна Крым",243,2,700,"да"
"171","male","сосна Крым",193,1,800,"нет"
"843","male","ель обыкновенная",81,4,1100,"нет"
"1103","female","сосна Крым",138,4,600,NA
"709","male","сосна датская",156,3,3000,"да"
"1121","male","ель обыкновенная",184,4,2000,NA
"84","female","сосна Крым",78,2,1300,"нет"
"1092","female","пихта Нобилис",89,3,300,"нет"
"129","male","сосна Крым",134,3,1600,"нет"
"482","female","сосна Крым",128,1,2600,"нет"
"142","female","сосна Крым",87,3,2100,"да"
"319","female","ель обыкновенная",219,3,2600,"нет"
"992","female","пихта Нобилис",192,4,3000,"нет"
"86","male","сосна датская",110,3,2700,"да"
"1211",NA,"пихта Нобилис",132,4,1300,NA
"265","female","сосна датская",120,1,2000,"да"
"455","male","сосна датская",74,3,2000,"да"
"514","female","ель обыкновенная",199,1,400,"нет"
"258","male","ель обыкновенная",138,2,2400,"нет"
"971","female","ель обыкновенная",90,5,1900,"да"
"74","male","пихта Нобилис",181,3,2800,"да"
"545","female","ель обыкновенная",161,2,2400,"нет"
"195","male","сосна Крым",245,1,500,"да"
"664","female","сосна Крым",162,3,1800,"нет"
"284","male","пихта Нобилис",153,1,1800,"да"
"580","female","ель обыкновенная",196,2,1000,"нет"
"236","female","пихта Нобилис",133,3,2700,"нет"
"326","male","сосна Крым",138,3,2900,"нет"
"425","female","пихта Нобилис",76,2,1700,"да"
"1159","female","ель обыкновенная",247,5,1000,NA
"1247",NA,"сосна Крым",85,4,700,NA
"728","female","пихта Нобилис",121,4,1700,"нет"
"20","female","ель обыкновенная",218,2,1600,"да"
"328","female","ель обыкновенная",137,2,2900,"да"
"364","female","пихта Нобилис",115,3,2500,"да"
"290","male","ель обыкновенная",148,2,300,"нет"
"547","female","сосна Крым",100,1,1100,"да"
"403","female","пихта Нобилис",234,1,2500,"нет"
"613","female","сосна датская",196,2,1900,"да"
"791","male","сосна Крым",71,5,2000,"нет"
"624","male","сосна Крым",175,3,1500,"нет"
"831","female","ель обыкновенная",148,5,2800,"да"
"623","male","сосна Крым",102,2,2500,"да"
"1244",NA,"сосна Крым",117,4,300,NA
"355","female","пихта Нобилис",159,3,2600,"да"
"465","male","ель обыкновенная",209,3,1300,"да"
"699","male","сосна Крым",234,3,2900,"нет"
"1152","male","сосна Крым",159,5,1000,NA
"13","male","ель обыкновенная",71,1,1300,"да"
"390","female","пихта Нобилис",113,1,2800,"да"
"458","male","сосна Крым",124,2,1900,"нет"
"357","male","пихта Нобилис",213,1,1800,"нет"
"1096","male","ель обыкновенная",170,4,1200,"да"
"294","female","пихта Нобилис",234,1,700,"да"
"939","female","ель обыкновенная",243,5,1300,"да"
"491","female","ель обыкновенная",181,3,2500,"нет"
"303","female","сосна датская",160,2,1200,"да"
"1118","female","пихта Нобилис",121,3,800,NA
"79","male","пихта Нобилис",194,2,700,"да"
"909","male","сосна Крым",118,5,2000,"нет"
"682","female","пихта Нобилис",80,5,2700,"да"
"400","male","пихта Нобилис",179,2,800,"да"
"785","female","ель обыкновенная",95,3,2700,"нет"
"546","female","ель обыкновенная",157,2,2000,"нет"
"1203",NA,"сосна Крым",244,3,2000,NA
"830","male","сосна Крым",156,5,3000,"да"
"410","female","сосна Крым",206,1,1300,"да"
"135","female","сосна датская",241,2,2600,"да"
