"","Group_Number","Type_of_Session","Condition","Numb_Delib","IndepDelib","Pid","PolInterest","Educ","Income","Race","Age","Female","Veto","OilExport","Renewable","HouseMajority","LawCons","SecState","GulfBan","ConsParty","MEOil","VideoWatch1","VideoWatch2","VideoWatch3","SupportCoastal","SupportFederal","SupportKeystone","KnowOther","TrustOther","ProtectEnviro"
"1",101,"No Deliberation","1",NA,NA,1,3,3,2,0,1,1,1,1,1,1,1,0,0,1,1,"","","",5,4,5,NA,NA,NA
"2",100,"No Deliberation","1",NA,NA,1,3,2,2,0,0,1,0,0,0,0,0,0,1,0,0,"","","",5,2,4,NA,NA,NA
"3",102,"No Deliberation","1",NA,NA,1,2,4,4,0,1,1,1,0,0,0,1,1,0,1,1,"","","",5,4,4,NA,NA,2
"4",101,"No Deliberation","1",NA,NA,1,3,3,3,0,1,1,1,1,1,1,1,0,1,1,1,"","","",6,4,4,NA,NA,4
"5",102,"No Deliberation","1",NA,NA,1,1,4,4,0,1,0,1,1,1,1,1,1,0,1,0,"","","",3,3,5,NA,NA,1
"6",103,"No Deliberation","1",NA,NA,2,1,2,2,5,0,1,0,1,1,1,1,0,0,1,0,"","","",5,5,6,NA,NA,4
"7",101,"No Deliberation","1",NA,NA,2,3,3,2,0,1,1,1,1,1,1,1,1,1,1,1,"","","",6,6,6,NA,NA,1
"8",102,"No Deliberation","1",NA,NA,2,2,3,4,0,1,1,1,1,1,1,1,1,1,1,1,"","","",5,4,4,NA,NA,3
"9",102,"No Deliberation","1",NA,NA,2,2,4,4,0,1,0,1,1,1,1,1,1,1,1,0,"","","",4,4,4,NA,NA,4
"10",102,"No Deliberation","1",NA,NA,2,2,4,4,0,1,0,1,1,0,1,1,1,0,1,0,"","","",6,7,6,NA,NA,3
"11",100,"No Deliberation","1",NA,NA,3,0,3,2,0,1,0,1,0,1,1,1,NA,0,1,0,"","","",5,4,4,NA,NA,5
"12",104,"No Deliberation","1",NA,NA,3,1,3,3,2,1,1,1,1,1,1,1,0,0,1,0,"","","",4,4,4,NA,NA,4
"13",103,"No Deliberation","1",NA,NA,3,2,2,4,1,0,1,0,0,1,0,1,0,0,1,0,"","","",5,4,4,NA,NA,2
"14",102,"No Deliberation","1",NA,NA,3,4,3,4,0,1,0,1,1,1,1,1,1,1,1,1,"","","",6,5,5,NA,NA,2
"15",102,"No Deliberation","1",NA,NA,3,4,3,4,0,1,0,1,1,1,1,1,1,1,1,1,"","","",5,4,5,NA,NA,1
"16",100,"No Deliberation","1",NA,NA,3,2,2,2,0,0,0,0,0,0,1,1,1,1,1,0,"","","",6,4,4,NA,NA,4
"17",101,"No Deliberation","1",NA,NA,3,2,3,2,0,1,0,1,1,0,1,0,0,1,0,1,"","","",4,4,4,NA,NA,6
"18",100,"No Deliberation","1",NA,NA,3,3,3,2,0,0,0,1,1,0,NA,1,1,0,1,0,"","","",4,4,6,NA,NA,NA
"19",100,"No Deliberation","1",NA,NA,3,3,2,2,0,0,1,1,0,0,1,0,1,0,0,1,"","","",4,4,4,NA,NA,4
"20",106,"No Deliberation","1",NA,NA,4,2,3,3,2,0,1,0,1,1,0,1,0,0,1,0,"","","",3,3,4,NA,NA,3
"21",104,"No Deliberation","1",NA,NA,4,2,2,2,5,0,1,0,1,1,1,1,0,1,1,0,"","","",6,6,6,NA,NA,2
"22",102,"No Deliberation","1",NA,NA,4,2,3,4,0,1,0,1,1,1,1,1,1,1,1,0,"","","",4,5,6,NA,NA,4
"23",106,"No Deliberation","1",NA,NA,4,1,2,1,2,0,1,0,0,1,0,0,0,0,0,0,"","","",5,4,5,NA,NA,2
"24",104,"No Deliberation","1",NA,NA,4,2,1,0,5,0,1,0,1,1,0,0,0,0,0,0,"","","",4,4,4,NA,NA,4
"25",100,"No Deliberation","1",NA,NA,5,4,2,4,0,1,0,1,1,1,1,1,1,1,1,1,"","","",5,7,5,NA,NA,7
"26",101,"No Deliberation","1",NA,NA,5,3,3,3,0,1,1,1,0,1,1,1,1,0,1,1,"","","",5,5,5,NA,NA,NA
"27",100,"No Deliberation","1",NA,NA,5,0,2,1,0,0,1,1,0,0,0,0,1,0,1,1,"","","",4,5,5,NA,NA,1
"28",103,"No Deliberation","1",NA,NA,5,4,3,3,0,0,0,0,0,1,1,1,1,1,1,1,"","","",5,5,5,NA,NA,3
"29",100,"No Deliberation","1",NA,NA,5,3,2,3,0,1,0,1,1,1,1,1,0,1,1,1,"","","",5,5,5,NA,NA,3
"30",104,"No Deliberation","1",NA,NA,5,3,3,1,2,0,0,1,1,1,1,1,1,0,1,0,"","","",5,5,5,NA,NA,3
"31",100,"No Deliberation","1",NA,NA,5,4,2,3,0,1,0,1,1,1,1,1,1,1,1,1,"","","",5,5,4,NA,NA,3
"32",100,"No Deliberation","1",NA,NA,5,3,2,1,0,0,0,1,1,1,1,1,0,0,1,1,"","","",5,3,3,NA,NA,4
"33",106,"No Deliberation","1",NA,NA,6,3,2,1,2,0,0,1,1,1,1,1,0,0,1,0,"","","",6,4,5,NA,NA,5
"34",102,"No Deliberation","1",NA,NA,6,2,3,4,0,1,0,1,1,1,1,0,1,1,1,0,"","","",6,5,7,NA,NA,3
"35",103,"No Deliberation","1",NA,NA,6,1,2,2,2,0,1,1,1,1,0,1,0,0,1,1,"","","",6,6,7,NA,NA,5
"36",102,"No Deliberation","1",NA,NA,7,3,4,4,0,1,0,0,1,1,1,1,1,1,1,1,"","","",7,4,5,NA,NA,4
"37",103,"No Deliberation","1",NA,NA,7,3,2,1,0,0,0,1,0,0,1,1,1,0,1,0,"","","",7,5,7,NA,NA,6
"38",42,"Delbieration + Choice","10A",4,0,1,3,4,3,1,1,0,1,1,1,1,1,0,0,1,1,"","","",3,3,3,2,1,4
"39",39,"Delbieration + Choice","10A",4,1,1,2,3,3,2,1,0,0,0,1,1,0,1,1,1,0,"","","",3,3,4,5,2,5
"40",73,"Deliberation + Choice","10A",4,0,2,2,3,1,0,0,1,1,1,1,0,1,0,0,1,0,"","","",4,4,4,3,3,1
"41",48,"Delbieration + Choice","10A",4,0,2,2,3,4,0,1,0,1,0,0,1,1,1,1,0,1,"","","",4,5,4,2,2,5
"42",43,"Delbieration + Choice","10A",4,1,2,1,3,3,0,1,1,1,1,1,1,1,0,0,1,0,"","","",5,3,5,2,4,4
"43",56,"Deliberation + Choice","10A",4,0,2,0,2,2,1,0,0,1,0,0,0,1,0,0,1,0,"","","",4,4,4,1,2,6
"44",82,"Deliberation + Choice","10A",4,0,2,1,2,NA,2,0,1,0,0,1,0,1,0,0,1,0,"","","",6,4,4,NA,2,2
"45",44,"Delbieration + Choice","10A",4,0,2,3,3,3,0,1,0,1,1,1,1,1,1,1,1,1,"","","",4,4,4,2,2,5
"46",84,"Deliberation + Choice","10A",4,0,3,0,2,3,0,0,1,1,0,1,1,1,0,0,1,0,"","","",4,4,4,2,2,3
"47",38,"Delbieration + Choice","10A",4,0,3,2,3,3,0,1,1,1,1,1,1,1,0,0,1,0,"","","",5,4,4,4,2,5
"48",49,"Delbieration + Choice","10A",4,0,3,3,4,4,0,1,1,1,1,1,1,1,1,1,1,1,"","","",5,4,5,NA,NA,NA
"49",39,"Delbieration + Choice","10A",4,1,4,1,4,4,2,1,0,1,1,1,1,1,1,0,1,0,"","","",4,4,4,4,4,2
"50",43,"Delbieration + Choice","10A",4,1,4,1,2,1,0,1,0,1,0,0,1,0,0,0,1,0,"","","",4,4,4,1,2,3
"51",49,"Delbieration + Choice","10A",4,0,5,3,3,1,0,1,0,1,1,1,1,1,1,1,1,1,"","","",5,6,6,2,3,3
"52",38,"Delbieration + Choice","10A",4,0,5,2,4,2,0,1,1,1,0,1,0,1,1,1,1,0,"","","",5,7,7,2,4,7
"53",73,"Deliberation + Choice","10A",4,0,5,2,3,1,0,0,0,1,1,1,1,1,1,0,0,0,"","","",6,5,5,2,2,4
"54",48,"Delbieration + Choice","10A",4,0,5,1,3,4,0,1,1,1,1,1,1,1,1,0,1,0,"","","",4,6,5,2,2,3
"55",84,"Deliberation + Choice","10A",4,0,5,2,2,3,0,0,0,0,0,1,1,1,0,0,1,0,"","","",5,7,5,5,2,2
"56",56,"Deliberation + Choice","10A",4,0,5,0,2,1,0,0,1,0,1,1,0,1,0,0,1,0,"","","",5,7,4,1,2,3
"57",82,"Deliberation + Choice","10A",4,0,5,2,2,1,0,0,0,1,0,1,0,1,0,0,1,0,"","","",5,6,4,1,1,4
"58",44,"Delbieration + Choice","10A",4,0,6,2,3,3,0,1,0,1,1,1,1,1,0,0,1,0,"","","",4,4,4,1,1,4
"59",42,"Delbieration + Choice","10A",4,0,6,4,3,4,0,1,0,1,1,1,1,1,1,1,1,1,"","","",6,5,4,5,2,5
"60",73,"Deliberation + Choice","10B",4,0,1,3,3,1,0,1,0,1,0,1,1,1,1,1,1,0,"B","","",5,5,4,3,1,1
"61",49,"Delbieration + Choice","10B",4,0,1,3,3,4,0,1,1,1,1,1,1,1,1,1,1,1,"F","","",5,5,5,3,2,1
"62",56,"Deliberation + Choice","10B",4,0,2,2,2,2,0,0,1,0,0,1,1,1,0,1,1,1,"B","A","F",5,2,2,3,2,3
"63",84,"Deliberation + Choice","10B",4,0,2,4,1,4,2,0,0,1,1,1,1,1,0,0,1,0,"B","B","E",4,5,5,2,3,4
"64",38,"Delbieration + Choice","10B",4,0,2,4,4,4,0,1,0,1,0,1,1,1,1,1,1,0,"A","","",3,2,3,3,4,3
"65",39,"Delbieration + Choice","10B",4,1,2,1,4,4,3,1,1,1,1,1,1,1,1,1,1,0,"B","F","",5,4,5,3,1,3
"66",42,"Delbieration + Choice","10B",4,0,2,2,4,4,5,1,1,0,1,0,1,1,1,1,1,0,"B","C","E",5,2,2,2,2,4
"67",48,"Delbieration + Choice","10B",4,0,2,4,3,3,0,1,0,1,1,1,1,1,1,0,1,1,"A","B","",4,3,5,1,2,3
"68",43,"Delbieration + Choice","10B",4,1,3,2,3,3,2,1,0,1,1,1,1,1,1,0,1,1,"D","B","F",5,5,5,1,4,4
"69",82,"Deliberation + Choice","10B",4,0,3,2,1,2,2,0,1,1,1,1,0,1,0,0,1,0,"A","E","",4,4,4,2,4,3
"70",44,"Delbieration + Choice","10B",4,0,3,1,4,4,0,1,0,1,1,1,1,1,1,0,1,1,"A","B","",3,3,2,3,3,4
"71",82,"Deliberation + Choice","10B",4,0,5,1,2,NA,0,0,1,1,0,1,0,1,0,0,1,0,"C","F","",5,5,3,2,4,2
"72",39,"Delbieration + Choice","10B",4,1,5,2,4,4,0,1,1,1,1,0,1,1,1,0,1,0,"B","C","F",7,6,6,2,2,6
"73",48,"Delbieration + Choice","10B",4,0,5,4,3,3,4,1,1,1,1,1,1,1,1,1,1,1,"E","C","",4,3,6,2,3,4
"74",49,"Delbieration + Choice","10B",4,0,5,1,4,3,0,1,1,1,1,1,1,1,0,1,0,0,"F","C","",6,2,3,2,3,3
"75",42,"Delbieration + Choice","10B",4,0,5,2,4,3,0,1,1,0,1,1,1,1,0,0,1,1,"E","C","F",6,4,5,3,2,3
"76",44,"Delbieration + Choice","10B",4,0,5,2,4,4,0,1,1,1,1,1,1,1,1,0,1,0,"E","D","",4,6,5,4,2,2
"77",84,"Deliberation + Choice","10B",4,0,6,1,2,1,0,0,1,1,1,1,0,0,0,0,1,0,"C","E","",6,2,6,2,2,5
"78",43,"Delbieration + Choice","10B",4,1,7,4,4,4,0,1,0,1,1,1,1,1,1,0,1,0,"E","C","",6,6,7,4,2,7
"79",56,"Deliberation + Choice","10B",4,0,7,3,2,1,0,0,1,1,0,1,1,1,1,0,1,0,"C","F","D",7,6,6,2,2,5
"80",38,"Delbieration + Choice","10B",4,0,7,3,4,4,0,1,0,1,1,1,1,1,1,0,1,0,"C","F","",7,7,7,2,4,7
"81",73,"Deliberation + Choice","10B",4,0,7,3,2,2,0,1,0,0,0,1,1,1,1,0,1,0,"C","","",7,6,6,1,4,5
"82",101,"No Deliberation","2",NA,NA,1,0,3,3,0,1,0,0,1,1,0,0,0,0,0,0,"","","",5,3,5,NA,NA,3
"83",102,"No Deliberation","2",NA,NA,1,4,3,4,0,1,0,1,1,1,1,1,1,0,1,1,"","","",3,3,4,NA,NA,3
"84",101,"No Deliberation","2",NA,NA,1,NA,3,3,0,1,1,1,1,1,1,1,1,1,1,0,"","","",3,5,3,NA,NA,3
"85",103,"No Deliberation","2",NA,NA,1,2,4,1,0,1,0,1,1,0,1,1,1,0,1,0,"","","",4,3,3,NA,NA,5
"86",104,"No Deliberation","2",NA,NA,2,1,2,3,2,0,1,1,0,0,1,0,1,0,1,0,"","","",3,5,2,NA,NA,4
"87",104,"No Deliberation","2",NA,NA,2,2,3,4,3,0,0,1,1,1,0,1,0,0,1,0,"","","",4,3,3,NA,NA,4
"88",100,"No Deliberation","2",NA,NA,2,3,3,3,0,0,0,1,1,1,1,1,1,1,1,1,"","","",3,3,4,NA,NA,2
"89",100,"No Deliberation","2",NA,NA,2,3,3,3,0,0,0,1,1,1,1,1,0,0,1,1,"","","",4,3,3,NA,NA,2
"90",100,"No Deliberation","2",NA,NA,2,2,3,3,0,0,0,1,0,1,1,1,1,1,1,0,"","","",3,3,3,NA,NA,1
"91",101,"No Deliberation","2",NA,NA,2,3,3,3,0,1,0,1,1,1,1,1,1,0,1,1,"","","",3,3,4,NA,NA,2
"92",100,"No Deliberation","2",NA,NA,3,2,3,4,0,0,0,1,0,1,1,1,1,1,1,0,"","","",4,3,3,NA,NA,NA
"93",102,"No Deliberation","2",NA,NA,3,3,4,4,0,1,0,1,1,1,1,1,1,1,1,1,"","","",3,4,4,NA,NA,3
"94",102,"No Deliberation","2",NA,NA,3,2,4,4,0,1,0,1,1,1,1,1,1,1,1,0,"","","",5,5,5,NA,NA,1
"95",103,"No Deliberation","2",NA,NA,3,1,2,2,2,0,1,1,1,1,0,1,1,0,1,0,"","","",3,4,4,NA,NA,3
"96",103,"No Deliberation","2",NA,NA,3,0,2,3,2,0,1,1,1,1,0,1,0,0,1,0,"","","",4,1,4,NA,NA,1
"97",103,"No Deliberation","2",NA,NA,4,2,3,2,0,0,1,1,0,1,1,1,0,0,1,0,"","","",3,5,5,NA,NA,4
"98",102,"No Deliberation","2",NA,NA,4,0,4,3,0,1,0,1,1,1,1,1,1,0,1,0,"","","",1,1,1,NA,NA,1
"99",101,"No Deliberation","2",NA,NA,4,4,3,3,0,1,0,1,1,1,1,1,1,1,1,0,"","","",7,7,7,NA,NA,7
"100",102,"No Deliberation","2",NA,NA,4,4,3,4,0,1,0,1,0,1,1,1,1,1,1,1,"","","",6,6,2,NA,NA,5
"101",103,"No Deliberation","2",NA,NA,4,2,3,1,0,0,1,0,1,1,1,1,0,0,1,0,"","","",3,3,3,NA,NA,4
"102",104,"No Deliberation","2",NA,NA,4,1,3,4,2,0,1,0,0,1,0,1,0,0,1,0,"","","",3,5,2,NA,NA,4
"103",100,"No Deliberation","2",NA,NA,5,2,3,3,0,0,0,1,0,1,1,1,1,1,1,1,"","","",6,7,7,NA,NA,2
"104",102,"No Deliberation","2",NA,NA,5,2,4,3,0,1,0,1,0,0,0,0,0,1,1,0,"","","",5,7,5,NA,NA,5
"105",106,"No Deliberation","2",NA,NA,5,2,2,2,3,0,1,1,1,1,0,1,0,0,1,0,"","","",4,4,4,NA,NA,5
"106",102,"No Deliberation","2",NA,NA,5,4,4,1,0,1,0,1,1,1,1,1,1,0,1,1,"","","",5,4,5,NA,NA,7
"107",106,"No Deliberation","2",NA,NA,5,1,2,1,2,0,0,1,0,1,0,1,0,0,1,0,"","","",4,4,4,NA,NA,1
"108",104,"No Deliberation","2",NA,NA,5,3,2,1,0,0,1,0,1,1,0,0,0,0,1,0,"","","",7,4,7,NA,NA,2
"109",102,"No Deliberation","2",NA,NA,6,4,4,4,0,1,0,1,0,1,1,1,1,1,1,0,"","","",5,5,4,NA,NA,4
"110",101,"No Deliberation","2",NA,NA,6,3,3,3,0,1,0,1,1,1,1,1,1,1,1,1,"","","",5,4,4,NA,NA,4
"111",102,"No Deliberation","2",NA,NA,6,4,4,4,0,1,1,1,1,1,1,1,0,1,1,1,"","","",5,5,7,NA,NA,5
"112",104,"No Deliberation","2",NA,NA,6,3,3,4,1,1,1,1,1,1,1,1,1,0,1,0,"","","",6,6,6,NA,NA,4
"113",102,"No Deliberation","2",NA,NA,7,3,4,4,0,1,0,1,1,1,1,1,1,1,1,1,"","","",6,6,6,NA,NA,4
"114",102,"No Deliberation","3",NA,NA,1,3,3,2,0,1,1,1,1,1,1,1,1,0,1,1,"","","",3,4,3,NA,NA,1
"115",102,"No Deliberation","3",NA,NA,1,2,3,2,0,1,0,1,1,1,1,NA,1,1,1,0,"","","",NA,NA,NA,NA,NA,NA
"116",101,"No Deliberation","3",NA,NA,1,2,3,3,0,1,0,1,1,1,1,1,1,1,1,0,"","","",4,3,4,NA,NA,2
"117",102,"No Deliberation","3",NA,NA,1,4,4,3,0,1,1,1,1,1,1,1,1,1,1,0,"","","",2,2,2,NA,NA,3
"118",103,"No Deliberation","3",NA,NA,1,2,3,2,0,0,1,0,0,1,0,1,0,0,1,0,"","","",3,3,3,NA,NA,1
"119",105,"No Deliberation","3",NA,NA,1,3,1,0,1,1,1,1,1,1,0,1,0,1,0,0,"","","",5,4,4,NA,NA,6
"120",103,"No Deliberation","3",NA,NA,1,2,2,4,0,0,1,1,1,1,1,1,1,1,1,0,"","","",2,2,3,NA,NA,3
"121",101,"No Deliberation","3",NA,NA,1,1,3,3,0,1,0,0,1,1,1,1,1,1,1,1,"","","",5,3,4,NA,NA,4
"122",101,"No Deliberation","3",NA,NA,2,2,3,3,0,1,0,1,0,1,1,1,1,1,1,1,"","","",3,3,4,NA,NA,2
"123",101,"No Deliberation","3",NA,NA,2,2,3,3,0,1,0,1,1,1,1,1,0,0,1,1,"","","",4,3,3,NA,NA,2
"124",100,"No Deliberation","3",NA,NA,2,2,4,4,0,0,0,1,1,1,1,1,1,0,1,1,"","","",3,3,3,NA,NA,NA
"125",101,"No Deliberation","3",NA,NA,2,2,3,3,0,1,0,1,1,1,1,1,1,1,1,1,"","","",3,3,3,NA,NA,4
"126",102,"No Deliberation","3",NA,NA,2,3,4,3,0,1,1,0,0,0,0,0,1,0,0,1,"","","",2,3,3,NA,NA,4
"127",104,"No Deliberation","3",NA,NA,2,3,2,0,1,0,1,0,0,NA,1,0,0,0,1,0,"","","",2,2,3,NA,NA,1
"128",102,"No Deliberation","3",NA,NA,2,2,4,3,0,1,0,1,0,1,1,1,1,1,1,1,"","","",3,4,2,NA,NA,3
"129",102,"No Deliberation","3",NA,NA,2,3,2,4,0,1,1,1,1,1,1,1,1,1,1,1,"","","",3,3,2,NA,NA,1
"130",100,"No Deliberation","3",NA,NA,3,1,4,3,0,0,1,0,0,0,0,0,0,0,1,0,"","","",3,6,2,NA,NA,3
"131",101,"No Deliberation","3",NA,NA,3,2,3,3,0,1,1,1,1,1,1,1,1,0,1,0,"","","",3,3,3,NA,NA,1
"132",104,"No Deliberation","3",NA,NA,3,2,2,2,2,0,0,0,1,1,1,1,1,1,1,1,"","","",5,5,3,NA,NA,1
"133",102,"No Deliberation","3",NA,NA,3,2,4,3,0,1,0,1,NA,1,0,1,1,0,1,0,"","","",2,2,3,NA,NA,3
"134",101,"No Deliberation","3",NA,NA,3,2,3,3,0,1,0,1,1,1,1,1,1,0,1,1,"","","",4,3,3,NA,NA,2
"135",100,"No Deliberation","3",NA,NA,3,3,2,3,0,0,0,1,1,1,1,1,1,0,1,1,"","","",2,3,2,NA,NA,4
"136",102,"No Deliberation","3",NA,NA,3,2,4,3,0,1,1,1,1,1,1,1,1,1,1,0,"","","",3,4,5,NA,NA,1
"137",103,"No Deliberation","3",NA,NA,4,3,2,2,0,0,1,0,0,1,1,1,1,0,1,1,"","","",1,1,2,NA,NA,1
"138",104,"No Deliberation","3",NA,NA,4,1,3,2,1,0,0,0,0,1,0,1,0,0,1,1,"","","",4,4,5,NA,NA,4
"139",103,"No Deliberation","3",NA,NA,4,1,2,4,2,0,1,1,1,1,1,1,1,0,1,0,"","","",1,1,1,NA,NA,1
"140",104,"No Deliberation","3",NA,NA,4,1,1,0,3,0,1,0,0,1,0,1,0,0,1,0,"","","",6,4,6,NA,NA,5
"141",102,"No Deliberation","3",NA,NA,5,4,4,4,0,1,0,1,1,1,1,1,0,0,1,0,"","","",7,7,7,NA,NA,6
"142",101,"No Deliberation","3",NA,NA,5,2,3,3,0,1,0,1,1,1,1,1,1,1,1,1,"","","",5,5,5,NA,NA,1
"143",100,"No Deliberation","3",NA,NA,5,0,4,3,0,0,1,1,1,1,0,0,1,0,1,0,"","","",7,6,5,NA,NA,4
"144",100,"No Deliberation","3",NA,NA,5,1,4,3,0,0,0,1,0,1,1,1,0,1,1,1,"","","",7,4,4,NA,NA,5
"145",103,"No Deliberation","3",NA,NA,5,2,2,4,5,0,1,0,1,1,0,1,0,0,1,0,"","","",7,3,3,NA,NA,4
"146",101,"No Deliberation","3",NA,NA,6,2,3,3,0,1,0,1,1,1,1,1,1,0,1,1,"","","",7,6,7,NA,NA,6
"147",102,"No Deliberation","3",NA,NA,6,0,3,3,0,1,1,0,1,0,0,1,0,0,0,0,"","","",7,5,7,NA,NA,4
"148",101,"No Deliberation","3",NA,NA,7,2,3,3,0,1,0,1,1,1,1,1,0,1,1,0,"","","",6,6,6,NA,NA,7
"149",102,"No Deliberation","4",NA,NA,1,3,4,3,0,1,0,1,1,1,1,0,1,1,1,1,"F","D","B",5,4,3,NA,NA,4
"150",102,"No Deliberation","4",NA,NA,1,4,4,3,0,1,1,1,1,1,1,1,1,1,1,1,"D","","",2,2,1,NA,NA,3
"151",103,"No Deliberation","4",NA,NA,1,2,3,3,2,0,1,0,1,1,0,0,0,0,1,0,"A","B","D",3,3,3,NA,NA,2
"152",101,"No Deliberation","4",NA,NA,1,3,3,4,0,1,0,1,1,1,1,1,1,1,1,0,"B","E","",3,2,2,NA,NA,3
"153",101,"No Deliberation","4",NA,NA,1,3,3,4,0,1,1,1,1,1,1,1,1,1,1,1,"C","E","A",4,4,3,NA,NA,2
"154",102,"No Deliberation","4",NA,NA,2,4,3,3,0,1,1,1,1,1,1,1,1,1,1,0,"B","D","",1,1,1,NA,NA,2
"155",101,"No Deliberation","4",NA,NA,2,2,3,3,0,1,1,1,1,1,1,1,1,1,1,1,"B","A","",4,3,3,NA,NA,2
"156",104,"No Deliberation","4",NA,NA,2,1,4,2,2,0,0,0,0,1,0,1,0,0,1,0,"B","E","",2,2,4,NA,NA,1
"157",100,"No Deliberation","4",NA,NA,2,2,3,2,0,0,1,1,0,0,1,0,1,1,1,1,"A","B","",3,2,3,NA,NA,1
"158",100,"No Deliberation","4",NA,NA,2,2,3,2,0,0,1,1,1,1,1,1,1,1,1,1,"C","A","",4,4,3,NA,NA,3
"159",102,"No Deliberation","4",NA,NA,2,3,4,3,0,1,1,1,1,1,1,1,1,1,1,1,"F","A","",3,2,1,NA,NA,4
"160",102,"No Deliberation","4",NA,NA,2,0,3,3,0,1,1,1,1,1,1,1,1,0,1,0,"A","","",3,3,3,NA,NA,3
"161",101,"No Deliberation","4",NA,NA,2,1,3,4,0,1,0,1,1,1,1,1,0,1,1,0,"B","A","",5,4,3,NA,NA,1
"162",102,"No Deliberation","4",NA,NA,2,3,4,3,0,1,1,1,1,1,1,1,1,1,1,1,"A","F","",3,2,3,NA,NA,2
"163",101,"No Deliberation","4",NA,NA,2,3,3,4,0,1,0,1,0,1,1,1,1,1,1,1,"E","C","A",4,4,3,NA,NA,3
"164",102,"No Deliberation","4",NA,NA,2,4,3,4,0,1,1,1,0,0,1,1,1,1,1,0,"E","D","A",4,4,3,NA,NA,4
"165",103,"No Deliberation","4",NA,NA,2,0,2,3,0,0,1,0,0,1,0,1,0,0,1,0,"A","E","",5,3,4,NA,NA,6
"166",106,"No Deliberation","4",NA,NA,3,2,2,3,0,0,1,1,1,1,0,1,1,1,1,0,"C","B","F",3,5,3,NA,NA,2
"167",102,"No Deliberation","4",NA,NA,3,2,4,3,0,1,0,1,1,1,1,1,1,1,1,0,"A","F","",2,2,2,NA,NA,2
"168",104,"No Deliberation","4",NA,NA,3,1,1,1,1,0,NA,0,0,0,0,1,0,0,1,1,"B","E","",5,3,6,NA,NA,3
"169",104,"No Deliberation","4",NA,NA,3,2,2,1,3,0,1,1,1,1,0,1,0,0,1,1,"B","E","",3,3,3,NA,NA,2
"170",100,"No Deliberation","4",NA,NA,3,2,3,2,0,1,0,1,1,1,1,0,0,1,1,1,"C","B","",3,4,5,NA,NA,1
"171",101,"No Deliberation","4",NA,NA,3,3,3,4,0,1,0,1,1,1,1,1,1,0,1,1,"A","B","",3,3,3,NA,NA,1
"172",101,"No Deliberation","4",NA,NA,3,2,3,4,0,1,0,0,1,1,0,0,0,0,1,0,"C","D","",4,4,3,NA,NA,1
"173",102,"No Deliberation","4",NA,NA,3,0,4,3,0,1,0,0,1,1,0,1,0,0,1,0,"D","F","",2,2,2,NA,NA,2
"174",103,"No Deliberation","4",NA,NA,4,0,1,4,2,0,1,1,1,0,0,1,1,0,0,0,"A","B","C",4,4,4,NA,NA,4
"175",103,"No Deliberation","4",NA,NA,4,1,2,4,2,0,0,1,1,0,1,1,1,0,1,0,"B","C","",4,5,5,NA,NA,4
"176",101,"No Deliberation","4",NA,NA,4,2,3,4,0,1,0,1,1,1,1,1,NA,1,1,0,"F","A","F",4,2,2,NA,NA,4
"177",103,"No Deliberation","4",NA,NA,5,2,2,2,NA,0,1,1,1,1,1,1,0,0,0,1,"C","D","",4,6,5,NA,NA,5
"178",100,"No Deliberation","4",NA,NA,5,2,3,2,0,1,1,1,1,1,1,1,1,1,1,0,"A","F","C",5,6,5,NA,NA,4
"179",100,"No Deliberation","4",NA,NA,5,2,3,2,0,0,0,1,1,1,1,1,1,1,1,0,"F","","",5,5,7,NA,NA,4
"180",102,"No Deliberation","4",NA,NA,5,2,3,3,0,1,1,1,1,1,1,1,1,1,1,0,"D","B","C",6,7,5,NA,NA,5
"181",101,"No Deliberation","4",NA,NA,6,3,3,3,0,1,0,1,1,1,1,1,1,1,1,1,"C","F","C",6,6,6,NA,NA,7
"182",104,"No Deliberation","4",NA,NA,7,2,2,4,2,0,0,1,1,1,0,1,0,0,1,0,"C","D","E",6,7,7,NA,NA,5
"183",101,"No Deliberation","4",NA,NA,7,3,3,4,0,1,1,1,1,1,1,0,0,1,1,1,"F","C","",6,7,7,NA,NA,7
"184",1,"Deliberation + Forced Exposure","5A",4,1,1,4,4,4,0,1,0,1,0,1,1,1,1,0,1,1,"","","",1,1,1,4,5,1
"185",28,"Deliberation + Forced Exposure","5A",4,0,1,4,3,3,0,1,1,1,0,1,1,1,1,1,1,0,"","","",2,1,1,6,5,3
"186",66,"Forced Exposure + Deliberation","5A",4,1,1,3,4,1,0,1,1,0,0,0,1,1,1,0,1,1,"","","",3,3,3,4,5,2
"187",2,"Deliberation + Forced Exposure","5A",4,0,1,0,2,4,0,1,1,0,1,1,1,1,0,0,1,0,"","","",2,1,3,4,3,3
"188",17,"Deliberation + Forced Exposure","5A",4,0,2,1,4,3,2,1,0,1,0,1,0,1,1,0,1,0,"","","",3,3,3,5,2,4
"189",83,"Forced Exposure + Deliberation","5A",4,0,2,2,2,4,0,0,1,1,0,1,0,1,0,0,1,0,"","","",1,1,1,6,4,1
"190",17,"Deliberation + Forced Exposure","5A",4,0,2,2,4,4,0,1,1,1,0,0,0,0,0,0,0,0,"","","",3,2,3,2,6,3
"191",16,"Deliberation + Forced Exposure","5A",4,0,2,1,3,4,3,1,0,1,1,1,1,1,0,0,0,0,"","","",2,2,2,6,5,5
"192",28,"Deliberation + Forced Exposure","5A",4,0,2,2,4,4,0,1,1,1,1,1,1,1,1,1,1,0,"","","",4,4,4,5,4,4
"193",2,"Deliberation + Forced Exposure","5A",4,0,2,2,2,3,0,1,0,0,0,1,1,1,1,1,1,0,"","","",2,5,5,6,6,1
"194",74,"Forced Exposure + Deliberation","5A",5,1,3,3,2,1,1,1,1,0,0,0,0,0,1,1,0,0,"","","",5,5,4,6,6,3
"195",83,"Forced Exposure + Deliberation","5A",4,0,3,3,2,NA,0,0,1,1,1,1,1,1,0,0,1,0,"","","",1,3,3,6,5,3
"196",54,"Forced Exposure + Deliberation","5A",6,1,3,2,1,0,2,0,1,0,1,1,1,1,1,1,1,0,"","","",2,2,2,5,6,2
"197",16,"Deliberation + Forced Exposure","5A",4,0,3,2,3,3,0,1,0,1,0,1,1,1,0,0,1,1,"","","",3,2,3,6,2,3
"198",76,"Forced Exposure + Deliberation","5A",5,1,3,4,3,0,1,1,0,1,1,1,1,1,1,0,1,0,"","","",2,1,3,6,6,2
"199",19,"Deliberation + Forced Exposure","5A",4,1,3,2,4,4,2,1,0,1,1,1,1,1,0,1,1,0,"","","",2,3,2,5,3,4
"200",54,"Forced Exposure + Deliberation","5A",6,1,3,1,2,4,1,0,1,1,1,0,1,1,0,0,1,0,"","","",3,3,3,4,6,5
"201",29,"Deliberation + Forced Exposure","5A",4,1,4,3,3,2,0,1,0,1,1,1,1,1,1,1,1,1,"","","",7,7,7,4,5,5
"202",3,"Deliberation + Forced Exposure","5A",4,1,4,2,3,3,2,1,0,1,0,1,1,1,1,1,1,1,"","","",4,4,4,1,1,4
"203",18,"Deliberation + Forced Exposure","5A",4,1,4,2,3,2,0,1,0,1,1,0,1,1,1,0,1,0,"","","",6,4,4,3,3,4
"204",54,"Forced Exposure + Deliberation","5A",6,1,4,1,NA,NA,NA,NA,NA,1,1,1,0,1,0,0,1,0,"","","",4,4,4,7,4,1
"205",74,"Forced Exposure + Deliberation","5A",5,1,4,4,3,0,5,1,0,1,0,0,1,1,1,1,1,0,"","","",1,1,1,2,1,1
"206",66,"Forced Exposure + Deliberation","5A",4,1,4,1,3,3,0,1,0,1,0,1,1,1,1,0,1,1,"","","",1,1,2,6,6,1
"207",76,"Forced Exposure + Deliberation","5A",5,1,4,4,3,4,0,1,1,0,1,0,0,1,1,0,1,0,"","","",7,7,7,1,2,7
"208",7,"Deliberation + Forced Exposure","5A",4,1,4,3,3,3,0,1,1,1,1,1,1,1,0,1,1,1,"","","",2,1,4,3,3,3
"209",19,"Deliberation + Forced Exposure","5A",4,1,4,0,3,4,3,1,1,0,0,0,0,0,0,0,0,0,"","","",5,4,5,3,3,5
"210",1,"Deliberation + Forced Exposure","5A",4,1,4,2,4,4,0,1,1,1,1,1,1,1,1,1,1,1,"","","",5,4,5,2,2,6
"211",6,"Deliberation + Forced Exposure","5A",4,0,5,4,4,3,0,1,0,1,1,1,1,1,0,1,1,1,"","","",5,4,6,3,2,3
"212",26,"Deliberation + Forced Exposure","5A",4,0,5,2,4,4,0,1,0,1,1,1,1,1,1,0,1,0,"","","",7,6,6,4,5,5
"213",18,"Deliberation + Forced Exposure","5A",4,1,5,4,4,3,3,1,0,1,1,1,1,1,NA,1,1,0,"","","",7,7,7,5,5,6
"214",29,"Deliberation + Forced Exposure","5A",4,1,5,2,4,2,3,1,0,1,0,0,0,1,1,0,1,0,"","","",6,6,6,5,5,4
"215",27,"Deliberation + Forced Exposure","5A",4,0,5,4,3,3,0,1,0,1,1,1,1,1,1,0,1,1,"","","",6,6,6,5,3,1
"216",7,"Deliberation + Forced Exposure","5A",4,1,6,1,3,3,2,1,0,1,0,1,1,1,0,0,1,0,"","","",6,7,7,6,6,4
"217",3,"Deliberation + Forced Exposure","5A",4,1,6,1,3,3,0,1,0,1,1,0,NA,1,0,1,1,0,"","","",6,4,2,5,6,3
"218",27,"Deliberation + Forced Exposure","5A",4,0,6,2,3,4,0,1,1,1,1,1,1,1,1,1,1,1,"","","",7,4,4,5,5,4
"219",6,"Deliberation + Forced Exposure","5A",4,0,7,4,3,3,0,1,0,1,1,1,1,1,1,1,1,1,"","","",7,7,7,5,5,6
"220",61,"Forced Exposure + Deliberation","5A",4,0,7,2,3,2,0,1,0,1,0,1,1,1,1,0,1,1,"","","",6,6,7,5,4,6
"221",61,"Forced Exposure + Deliberation","5A",4,0,7,4,4,1,0,1,NA,1,0,1,1,1,1,1,1,0,"","","",6,7,7,6,4,7
"222",26,"Deliberation + Forced Exposure","5A",4,0,7,3,3,3,0,1,0,1,1,1,1,1,1,1,1,1,"","","",7,7,7,4,7,6
"223",74,"Forced Exposure + Deliberation","5B",5,1,1,3,4,0,0,1,0,1,0,1,1,1,1,0,1,1,"","","",2,1,2,5,5,3
"224",16,"Deliberation + Forced Exposure","5B",4,0,1,4,3,3,0,1,0,1,1,1,1,1,1,1,1,1,"","","",2,2,NA,5,5,NA
"225",66,"Forced Exposure + Deliberation","5B",4,1,1,3,2,2,0,1,0,1,1,1,1,1,1,0,1,1,"","","",3,2,3,3,5,4
"226",2,"Deliberation + Forced Exposure","5B",4,0,1,1,3,4,1,1,0,1,1,1,1,1,1,1,1,0,"","","",2,2,2,5,5,3
"227",83,"Forced Exposure + Deliberation","5B",4,0,1,1,2,4,2,0,1,1,0,0,0,1,0,0,1,0,"","","",5,5,2,4,4,7
"228",54,"Forced Exposure + Deliberation","5B",6,1,1,3,3,1,0,1,0,1,0,1,1,1,1,0,1,1,"","","",1,1,1,4,5,1
"229",76,"Forced Exposure + Deliberation","5B",5,1,1,1,2,0,4,0,1,0,1,0,1,1,0,1,0,0,"","","",3,3,3,4,3,1
"230",76,"Forced Exposure + Deliberation","5B",5,1,1,3,4,0,5,1,0,0,0,1,1,1,0,0,1,0,"","","",NA,1,1,5,4,1
"231",54,"Forced Exposure + Deliberation","5B",6,1,2,2,2,2,NA,0,1,1,0,1,1,1,0,0,1,0,"","","",2,2,2,5,4,3
"232",1,"Deliberation + Forced Exposure","5B",4,1,2,1,2,3,2,1,0,1,1,0,1,0,0,1,1,0,"","","",3,4,4,4,3,3
"233",83,"Forced Exposure + Deliberation","5B",4,0,2,1,1,4,2,0,0,1,1,1,0,1,1,0,1,0,"","","",2,3,1,2,5,3
"234",19,"Deliberation + Forced Exposure","5B",4,1,2,1,3,0,0,1,1,1,1,0,1,1,1,0,1,0,"","","",1,1,1,5,5,2
"235",2,"Deliberation + Forced Exposure","5B",4,0,2,1,3,2,0,1,0,1,0,1,1,1,1,0,1,0,"","","",2,2,2,3,6,4
"236",19,"Deliberation + Forced Exposure","5B",4,1,2,3,4,1,0,1,0,1,1,1,1,1,1,1,1,1,"","","",3,5,6,4,4,2
"237",28,"Deliberation + Forced Exposure","5B",4,0,2,3,4,4,0,1,0,1,1,1,1,1,1,0,1,1,"","","",3,3,3,4,4,2
"238",74,"Forced Exposure + Deliberation","5B",5,1,2,3,4,0,0,1,1,1,0,1,1,1,0,1,1,1,"","","",2,2,2,6,5,1
"239",1,"Deliberation + Forced Exposure","5B",4,1,2,1,2,3,0,1,1,0,0,0,1,0,NA,1,1,0,"","","",3,3,3,6,6,4
"240",17,"Deliberation + Forced Exposure","5B",4,0,2,3,3,3,0,1,0,1,1,0,1,0,1,0,1,0,"","","",2,2,2,5,5,7
"241",66,"Forced Exposure + Deliberation","5B",4,1,3,3,3,2,2,1,1,0,0,0,0,1,0,1,1,0,"","","",1,1,1,5,5,NA
"242",16,"Deliberation + Forced Exposure","5B",4,0,3,4,4,4,0,1,0,1,0,1,1,1,1,1,1,1,"","","",3,3,3,5,4,3
"243",17,"Deliberation + Forced Exposure","5B",4,0,3,2,4,3,0,1,1,1,1,1,1,1,0,0,0,0,"","","",2,2,1,5,2,1
"244",28,"Deliberation + Forced Exposure","5B",4,0,3,0,3,4,3,1,0,1,1,1,0,1,1,1,0,0,"","","",4,4,5,4,5,5
"245",76,"Forced Exposure + Deliberation","5B",5,1,4,2,4,1,0,1,1,1,1,1,1,1,0,0,1,0,"","","",2,2,2,2,5,1
"246",54,"Forced Exposure + Deliberation","5B",6,1,4,2,2,2,1,0,1,1,0,0,1,1,1,0,1,0,"","","",2,2,3,4,5,3
"247",74,"Forced Exposure + Deliberation","5B",5,1,4,0,2,1,1,0,0,0,0,1,1,1,0,1,0,0,"","","",1,1,1,3,2,4
"248",79,"Forced Exposure + Deliberation","5B",6,0,5,3,1,4,2,0,0,1,1,1,1,1,1,0,1,0,"","","",7,6,7,4,4,5
"249",79,"Forced Exposure + Deliberation","5B",6,0,5,2,2,1,3,0,1,1,0,1,1,1,0,0,1,0,"","","",6,7,7,4,4,5
"250",29,"Deliberation + Forced Exposure","5B",4,1,5,2,3,4,0,1,1,1,1,1,1,1,1,1,1,1,"","","",7,5,6,NA,NA,NA
"251",79,"Forced Exposure + Deliberation","5B",6,0,5,2,2,4,2,0,1,1,1,1,1,1,0,0,1,0,"","","",7,1,6,4,5,5
"252",29,"Deliberation + Forced Exposure","5B",4,1,5,2,4,4,0,1,1,1,1,1,1,1,1,0,1,1,"","","",7,7,7,2,5,2
"253",79,"Forced Exposure + Deliberation","5B",6,0,5,1,2,1,5,0,0,1,0,0,0,0,0,0,1,0,"","","",6,5,6,5,5,4
"254",3,"Deliberation + Forced Exposure","5B",4,1,5,0,4,3,2,1,1,0,0,0,0,1,0,0,0,0,"","","",4,6,6,5,5,3
"255",61,"Forced Exposure + Deliberation","5B",4,0,5,4,4,3,0,1,0,1,0,1,1,1,1,0,1,0,"","","",7,7,7,5,3,4
"256",27,"Deliberation + Forced Exposure","5B",4,0,5,4,3,4,0,1,0,1,1,1,1,1,1,1,1,1,"","","",7,7,7,4,4,3
"257",18,"Deliberation + Forced Exposure","5B",4,1,5,3,3,3,0,1,0,1,1,1,1,1,1,0,1,1,"","","",7,7,7,3,3,4
"258",7,"Deliberation + Forced Exposure","5B",4,1,5,3,4,4,0,1,1,1,1,1,1,1,1,0,1,0,"","","",7,7,7,4,4,7
"259",79,"Forced Exposure + Deliberation","5B",6,0,5,3,2,3,2,0,1,1,0,0,1,1,1,0,1,0,"","","",7,7,6,4,5,5
"260",18,"Deliberation + Forced Exposure","5B",4,1,6,2,3,3,0,1,1,1,1,1,1,1,1,1,1,1,"","","",3,2,3,5,4,3
"261",3,"Deliberation + Forced Exposure","5B",4,1,6,0,3,4,0,1,1,1,1,0,0,1,0,0,1,0,"","","",6,6,6,5,4,6
"262",26,"Deliberation + Forced Exposure","5B",4,0,6,3,4,4,0,1,1,1,1,1,1,1,1,1,1,1,"","","",6,6,7,4,2,1
"263",6,"Deliberation + Forced Exposure","5B",4,0,6,1,3,4,0,1,0,1,1,1,1,0,0,0,1,0,"","","",6,6,6,4,4,5
"264",26,"Deliberation + Forced Exposure","5B",4,0,6,2,3,3,2,1,1,1,1,1,1,1,1,0,1,0,"","","",5,5,7,3,5,5
"265",7,"Deliberation + Forced Exposure","5B",4,1,6,4,4,3,0,1,0,1,0,1,1,1,1,1,1,1,"","","",6,6,7,5,6,5
"266",79,"Forced Exposure + Deliberation","5B",6,0,6,2,2,4,0,0,1,1,0,1,1,1,1,1,1,1,"","","",7,5,7,3,5,4
"267",6,"Deliberation + Forced Exposure","5B",4,0,7,3,2,4,0,1,0,1,1,1,1,1,0,0,1,0,"","","",6,NA,6,5,4,6
"268",27,"Deliberation + Forced Exposure","5B",4,0,7,4,4,4,0,1,0,1,1,1,1,1,1,1,1,1,"","","",6,7,7,7,7,5
"269",61,"Forced Exposure + Deliberation","5B",4,0,7,3,3,2,0,1,1,1,1,0,0,1,1,0,1,0,"","","",6,6,6,4,6,4
"270",60,"Forced Exposure + Deliberation","6A",4,1,1,2,3,1,0,1,0,1,1,1,1,1,1,0,1,0,"","","",1,1,2,5,4,3
"271",67,"Forced Exposure + Deliberation","6A",4,1,1,3,4,2,0,1,0,1,1,1,1,1,1,0,1,1,"","","",2,2,1,5,6,1
"272",68,"Forced Exposure + Deliberation","6A",5,1,1,2,3,3,0,1,1,1,1,1,1,1,1,1,1,0,"","","",1,1,2,4,2,2
"273",85,"Forced Exposure + Deliberation","6A",4,0,1,2,1,4,2,0,1,1,0,1,1,1,0,0,1,0,"","","",1,1,2,4,5,3
"274",94,"Forced Exposure + Deliberation","6A",6,1,1,2,3,4,0,0,1,1,0,1,1,1,1,0,1,0,"","","",2,2,1,5,5,2
"275",94,"Forced Exposure + Deliberation","6A",6,1,1,2,2,4,5,0,1,1,1,1,1,1,0,0,1,1,"","","",2,2,2,4,4,1
"276",67,"Forced Exposure + Deliberation","6A",4,1,1,2,3,1,0,1,0,1,0,1,1,1,1,0,1,1,"","","",1,1,1,4,7,2
"277",95,"Forced Exposure + Deliberation","6A",5,1,1,3,2,2,0,0,1,1,0,1,1,1,1,0,1,1,"","","",2,2,2,5,5,1
"278",55,"Forced Exposure + Deliberation","6A",6,1,2,1,1,1,2,0,0,1,0,1,0,1,0,0,1,0,"","","",1,1,2,5,4,2
"279",88,"Forced Exposure + Deliberation","6A",4,1,2,2,2,3,5,0,1,0,1,1,0,1,0,0,1,0,"","","",NA,NA,NA,NA,NA,NA
"280",68,"Forced Exposure + Deliberation","6A",5,1,2,2,4,1,0,1,1,0,1,1,0,1,1,0,1,0,"","","",1,2,1,5,5,2
"281",75,"Forced Exposure + Deliberation","6A",5,1,2,4,4,2,0,1,0,1,1,0,1,1,1,0,1,0,"","","",1,5,1,4,4,4
"282",11,"Deliberation + Forced Exposure","6A",4,0,2,2,4,4,2,1,0,1,1,1,1,1,1,1,1,0,"","","",1,4,1,5,4,1
"283",21,"Deliberation + Forced Exposure","6A",4,0,2,2,3,3,1,1,1,1,0,1,1,1,1,1,1,1,"","","",2,1,1,5,5,2
"284",80,"Forced Exposure + Deliberation","6A",4,0,2,1,2,NA,0,0,1,1,1,1,1,1,1,0,1,0,"","","",3,1,1,4,4,3
"285",85,"Forced Exposure + Deliberation","6A",4,0,2,2,2,4,2,0,1,1,1,0,1,1,0,0,1,0,"","","",1,1,2,5,5,4
"286",94,"Forced Exposure + Deliberation","6A",6,1,2,2,2,3,2,0,1,1,1,1,1,1,1,0,1,0,"","","",3,1,1,4,6,2
"287",87,"Forced Exposure + Deliberation","6A",4,1,3,1,2,0,3,0,0,0,0,1,1,1,0,0,1,0,"","","",2,1,1,5,2,2
"288",55,"Forced Exposure + Deliberation","6A",6,1,3,1,2,3,2,1,0,0,1,1,0,1,0,0,1,0,"","","",2,1,2,2,5,3
"289",77,"Forced Exposure + Deliberation","6A",4,1,3,3,3,0,1,1,0,1,1,0,0,1,1,0,1,1,"","","",1,1,1,3,5,5
"290",20,"Deliberation + Forced Exposure","6A",4,1,3,2,4,4,0,1,1,1,1,1,1,1,1,1,1,1,"","","",2,2,3,4,4,3
"291",11,"Deliberation + Forced Exposure","6A",4,0,3,1,4,3,0,1,0,1,1,1,1,1,1,0,1,0,"","","",1,1,2,5,5,3
"292",95,"Forced Exposure + Deliberation","6A",5,1,3,1,2,3,2,0,1,1,1,1,0,0,0,1,1,0,"","","",1,1,1,4,4,1
"293",21,"Deliberation + Forced Exposure","6A",4,0,3,2,4,3,0,1,1,1,1,1,1,1,1,1,1,1,"","","",1,5,5,2,7,5
"294",60,"Forced Exposure + Deliberation","6A",4,1,3,2,0,NA,0,0,1,1,1,0,1,1,1,0,1,0,"","","",NA,3,2,5,3,6
"295",13,"Deliberation + Forced Exposure","6A",4,1,4,2,4,4,1,1,1,1,1,1,1,1,0,0,1,0,"","","",3,2,3,2,2,3
"296",87,"Forced Exposure + Deliberation","6A",4,1,4,1,2,3,3,0,0,1,0,1,0,0,0,0,0,0,"","","",4,6,6,4,2,4
"297",88,"Forced Exposure + Deliberation","6A",4,1,4,1,1,4,5,0,0,1,0,1,0,1,0,0,1,0,"","","",4,1,3,5,5,3
"298",31,"Deliberation + Forced Exposure","6A",4,1,4,3,4,3,0,1,0,0,1,1,1,1,1,1,1,1,"","","",4,4,3,5,3,7
"299",77,"Forced Exposure + Deliberation","6A",4,1,4,2,4,2,0,1,1,1,1,1,1,1,1,0,1,0,"","","",1,1,1,6,6,1
"300",92,"Forced Exposure + Deliberation","6A",3,1,4,3,1,3,2,0,0,1,0,1,1,1,1,0,1,1,"","","",5,5,3,1,4,3
"301",200,"Deliberation + Forced Exposure","6A",6,1,4,3,2,1,0,1,0,0,0,0,1,0,0,0,0,0,"","","",5,5,5,5,5,3
"302",68,"Forced Exposure + Deliberation","6A",5,1,4,3,2,2,0,1,0,0,1,1,0,1,1,1,1,0,"","","",4,4,1,5,5,1
"303",55,"Forced Exposure + Deliberation","6A",6,1,4,2,2,0,3,0,1,1,0,1,0,0,0,0,1,0,"","","",4,4,4,1,1,4
"304",20,"Deliberation + Forced Exposure","6A",4,1,4,2,3,3,0,1,0,1,0,1,0,0,NA,0,0,0,"","","",3,3,4,1,4,3
"305",95,"Forced Exposure + Deliberation","6A",5,1,4,1,2,4,0,0,1,1,0,1,0,1,0,0,1,0,"","","",1,1,1,2,6,3
"306",200,"Deliberation + Forced Exposure","6A",6,1,4,2,1,1,0,1,0,1,1,0,1,1,1,0,1,1,"","","",3,6,7,4,5,4
"307",75,"Forced Exposure + Deliberation","6A",5,1,4,4,2,3,0,1,1,1,0,1,1,1,1,1,1,0,"","","",1,1,1,4,4,1
"308",200,"Deliberation + Forced Exposure","6A",6,1,4,1,2,1,0,1,1,0,0,0,0,1,0,0,1,0,"","","",6,6,5,6,4,2
"309",12,"Deliberation + Forced Exposure","6A",4,0,5,2,3,2,0,1,1,1,1,1,0,1,1,0,1,0,"","","",7,7,7,5,3,3
"310",30,"Deliberation + Forced Exposure","6A",4,0,5,2,4,4,0,1,1,1,1,1,1,1,0,0,1,0,"","","",2,3,7,5,6,2
"311",13,"Deliberation + Forced Exposure","6A",4,1,5,2,3,3,0,1,0,1,1,0,1,1,1,1,1,0,"","","",7,7,4,5,4,4
"312",30,"Deliberation + Forced Exposure","6A",4,0,6,3,4,4,0,1,0,1,1,1,1,1,1,1,1,1,"","","",7,7,7,4,5,6
"313",62,"Forced Exposure + Deliberation","6A",3,0,7,4,3,1,0,1,0,1,1,1,1,1,1,1,1,1,"","","",7,7,4,4,5,6
"314",12,"Deliberation + Forced Exposure","6A",4,0,7,3,4,3,0,1,1,1,1,1,0,1,0,0,1,0,"","","",7,7,4,5,6,5
"315",31,"Deliberation + Forced Exposure","6A",4,1,7,4,3,4,0,1,0,1,0,1,1,1,1,1,1,1,"","","",7,7,7,5,2,4
"316",80,"Forced Exposure + Deliberation","6B",4,0,1,2,2,3,0,0,0,1,1,1,1,1,1,0,1,0,"","","",2,2,2,4,2,2
"317",20,"Deliberation + Forced Exposure","6B",4,1,1,3,3,4,0,1,1,1,1,0,0,1,0,0,1,1,"","","",1,3,2,5,6,1
"318",77,"Forced Exposure + Deliberation","6B",4,1,1,4,4,3,0,1,0,1,1,1,1,1,1,0,1,0,"","","",2,2,3,3,6,3
"319",20,"Deliberation + Forced Exposure","6B",4,1,1,3,3,4,0,1,0,1,1,1,1,1,0,1,1,0,"","","",1,2,2,4,5,7
"320",94,"Forced Exposure + Deliberation","6B",6,1,1,3,2,3,0,0,1,1,1,1,1,1,1,1,1,0,"","","",1,1,1,5,6,2
"321",95,"Forced Exposure + Deliberation","6B",5,1,1,2,2,3,2,0,1,1,1,1,0,1,0,0,1,0,"","","",1,1,1,5,4,5
"322",68,"Forced Exposure + Deliberation","6B",5,1,1,4,3,2,0,1,1,1,1,1,1,1,1,0,1,0,"","","",2,2,2,5,4,1
"323",80,"Forced Exposure + Deliberation","6B",4,0,1,3,2,4,0,0,1,1,1,1,1,1,1,0,1,0,"","","",1,2,1,5,6,5
"324",11,"Deliberation + Forced Exposure","6B",4,0,1,4,4,4,0,1,1,1,1,1,1,1,1,1,1,1,"","","",1,1,1,4,4,2
"325",75,"Forced Exposure + Deliberation","6B",5,1,1,3,2,0,1,1,0,1,1,1,0,1,0,0,1,0,"","","",1,1,1,7,7,4
"326",60,"Forced Exposure + Deliberation","6B",4,1,2,2,4,3,0,1,0,1,0,1,1,1,0,1,1,1,"","","",1,3,3,4,4,1
"327",87,"Forced Exposure + Deliberation","6B",4,1,2,2,1,0,3,0,1,1,0,1,1,1,0,0,1,0,"","","",2,1,2,5,6,4
"328",75,"Forced Exposure + Deliberation","6B",5,1,2,1,3,1,0,0,1,0,1,1,1,1,0,0,1,0,"","","",2,2,2,3,3,3
"329",92,"Forced Exposure + Deliberation","6B",3,1,2,3,2,3,0,0,0,1,1,1,1,1,1,0,1,0,"","","",3,3,3,3,6,4
"330",21,"Deliberation + Forced Exposure","6B",4,0,2,3,3,4,0,1,0,1,1,1,1,1,1,0,1,1,"","","",1,1,1,4,5,1
"331",67,"Forced Exposure + Deliberation","6B",4,1,2,2,3,3,5,1,0,1,0,1,0,1,0,0,1,0,"","","",2,2,1,6,6,1
"332",85,"Forced Exposure + Deliberation","6B",4,0,2,1,3,NA,2,0,1,1,1,1,0,1,0,0,1,0,"","","",2,2,3,2,3,3
"333",95,"Forced Exposure + Deliberation","6B",5,1,2,3,2,3,2,0,1,0,1,1,1,1,0,0,1,0,"","","",2,2,2,6,6,2
"334",21,"Deliberation + Forced Exposure","6B",4,0,3,2,4,4,0,1,0,1,1,1,1,1,1,1,1,1,"","","",2,2,2,3,4,3
"335",77,"Forced Exposure + Deliberation","6B",4,1,3,1,3,1,0,1,1,1,1,1,1,1,0,0,1,0,"","","",1,1,1,4,5,1
"336",94,"Forced Exposure + Deliberation","6B",6,1,3,4,2,4,0,0,1,1,1,1,1,1,1,0,1,0,"","","",2,2,2,5,4,3
"337",11,"Deliberation + Forced Exposure","6B",4,0,3,1,3,3,2,1,0,1,1,1,1,0,0,0,1,0,"","","",1,2,1,5,4,4
"338",85,"Forced Exposure + Deliberation","6B",4,0,3,3,2,4,0,0,0,0,1,1,1,1,1,0,1,0,"","","",2,1,1,2,6,7
"339",80,"Forced Exposure + Deliberation","6B",4,0,3,4,3,1,2,0,0,0,1,1,1,1,1,1,1,1,"","","",1,2,2,5,5,1
"340",88,"Forced Exposure + Deliberation","6B",4,1,3,1,1,3,3,0,1,0,0,0,0,0,0,0,1,0,"","","",7,4,3,4,5,2
"341",55,"Forced Exposure + Deliberation","6B",6,1,3,3,3,1,2,1,1,1,1,1,1,1,0,0,1,0,"","","",2,2,2,5,5,3
"342",55,"Forced Exposure + Deliberation","6B",6,1,3,1,3,0,2,0,1,1,1,1,1,1,0,0,1,0,"","","",2,1,1,3,3,3
"343",55,"Forced Exposure + Deliberation","6B",6,1,3,0,3,1,1,1,1,0,0,0,0,0,0,0,0,0,"","","",2,2,2,5,5,2
"344",200,"Deliberation + Forced Exposure","6B",6,1,4,2,2,1,0,1,0,0,1,1,1,1,0,0,1,0,"","","",6,6,6,4,4,4
"345",68,"Forced Exposure + Deliberation","6B",5,1,4,4,3,0,0,1,0,1,1,1,1,1,0,0,0,1,"","","",6,6,6,NA,NA,4
"346",200,"Deliberation + Forced Exposure","6B",6,1,4,2,4,3,0,1,0,1,1,1,1,1,1,0,1,0,"","","",5,4,5,2,5,4
"347",94,"Forced Exposure + Deliberation","6B",6,1,4,2,2,1,0,0,1,1,0,1,1,1,1,0,1,0,"","","",1,1,1,2,3,1
"348",200,"Deliberation + Forced Exposure","6B",6,1,4,2,4,4,0,1,1,0,0,0,1,0,0,0,1,1,"","","",2,1,2,2,2,NA
"349",75,"Forced Exposure + Deliberation","6B",5,1,4,3,3,0,0,1,0,1,0,1,0,1,1,0,1,0,"","","",1,1,1,4,5,3
"350",92,"Forced Exposure + Deliberation","6B",3,1,4,2,2,3,2,0,0,1,1,1,0,1,0,0,1,0,"","","",3,3,4,4,5,1
"351",60,"Forced Exposure + Deliberation","6B",4,1,4,3,3,1,0,1,1,0,0,0,1,1,1,0,1,0,"","","",2,3,4,5,NA,NA
"352",67,"Forced Exposure + Deliberation","6B",4,1,4,1,2,1,0,1,1,0,1,0,1,0,0,0,1,0,"","","",5,5,5,4,4,5
"353",87,"Forced Exposure + Deliberation","6B",4,1,4,1,1,0,3,0,0,1,0,0,1,0,0,0,1,0,"","","",4,4,4,3,5,3
"354",88,"Forced Exposure + Deliberation","6B",4,1,4,0,2,1,1,0,0,0,0,1,0,1,0,0,1,0,"","","",2,3,4,4,7,1
"355",13,"Deliberation + Forced Exposure","6B",4,1,5,2,4,4,0,1,1,1,1,1,1,1,1,0,1,0,"","","",7,7,5,NA,5,4
"356",30,"Deliberation + Forced Exposure","6B",4,0,5,1,4,4,2,1,1,1,1,1,0,1,0,1,1,0,"","","",NA,7,7,5,2,5
"357",12,"Deliberation + Forced Exposure","6B",4,0,5,4,2,2,0,1,1,0,0,0,1,1,0,1,1,0,"","","",7,7,7,3,4,1
"358",62,"Forced Exposure + Deliberation","6B",3,0,5,3,4,3,0,1,0,1,1,1,0,1,1,0,1,1,"","","",7,7,7,3,4,4
"359",13,"Deliberation + Forced Exposure","6B",4,1,5,3,4,4,1,1,0,1,1,1,1,1,0,1,1,1,"","","",7,7,2,3,5,3
"360",30,"Deliberation + Forced Exposure","6B",4,0,5,2,3,2,0,1,0,1,1,1,1,1,1,0,1,1,"","","",6,7,4,5,4,6
"361",62,"Forced Exposure + Deliberation","6B",3,0,6,1,4,2,0,1,1,0,1,0,0,1,0,0,1,0,"","","",7,5,5,4,4,1
"362",31,"Deliberation + Forced Exposure","6B",4,1,7,3,3,4,0,1,1,1,1,1,1,1,1,0,1,0,"","","",7,6,7,2,5,7
"363",12,"Deliberation + Forced Exposure","6B",4,0,7,2,3,3,0,1,1,1,1,1,1,0,1,1,1,0,"","","",7,7,5,5,4,5
"364",31,"Deliberation + Forced Exposure","6B",4,1,7,4,4,4,0,1,1,0,1,1,1,1,1,1,1,1,"","","",7,7,7,5,5,5
"365",69,"Deliberation + Choice","7A",4,1,1,3,4,2,0,1,1,1,0,1,1,1,0,1,1,0,"","","",2,1,1,6,6,1
"366",97,"Deliberation + Choice","7A",4,0,1,3,4,1,0,1,0,1,1,1,1,1,1,0,1,0,"","","",2,2,2,5,5,1
"367",65,"Deliberation + Choice","7A",4,0,1,3,2,1,0,1,0,1,1,1,1,1,0,0,1,0,"","","",1,3,3,3,5,3
"368",64,"Deliberation + Choice","7A",4,1,1,3,2,1,1,1,0,1,1,1,0,1,1,0,1,0,"","","",1,2,2,6,7,4
"369",71,"Deliberation + Choice","7A",4,0,1,4,3,1,0,1,1,1,1,1,1,1,1,0,1,0,"","","",1,1,3,5,2,2
"370",57,"Deliberation + Choice","7A",5,1,1,2,2,0,0,0,1,1,0,1,1,1,0,0,1,0,"","","",3,3,3,4,4,3
"371",96,"Deliberation + Choice","7A",4,0,1,3,4,1,1,1,0,0,1,1,1,1,0,0,1,0,"","","",1,2,3,5,5,3
"372",72,"Deliberation + Choice","7A",4,1,1,3,1,NA,1,1,0,0,1,0,0,1,1,0,0,0,"","","",2,2,3,6,7,7
"373",70,"Deliberation + Choice","7A",4,0,1,2,4,1,0,1,1,1,1,0,0,1,1,0,1,0,"","","",2,3,3,3,5,3
"374",71,"Deliberation + Choice","7A",4,0,1,4,4,2,0,1,1,0,0,1,1,1,1,0,1,0,"","","",1,1,1,4,4,1
"375",58,"Deliberation + Choice","7A",3,0,1,2,3,0,1,0,0,0,0,0,0,0,0,0,0,0,"","","",3,3,1,6,6,6
"376",96,"Deliberation + Choice","7A",4,0,1,2,4,1,1,1,1,0,0,0,1,1,0,0,0,0,"","","",3,3,3,3,3,5
"377",35,"Delbieration + Choice","7A",4,0,2,2,3,4,0,1,0,1,1,1,0,1,1,1,1,0,"","","",2,1,1,5,5,3
"378",65,"Deliberation + Choice","7A",4,0,2,3,3,0,0,0,1,0,1,1,1,1,0,0,1,0,"","","",1,1,2,4,3,2
"379",53,"Deliberation + Choice","7A",5,1,2,1,2,2,1,0,1,1,1,1,0,1,0,0,1,0,"","","",3,3,3,1,1,4
"380",70,"Deliberation + Choice","7A",4,0,2,3,3,4,0,1,1,0,1,1,1,1,1,0,1,1,"","","",1,1,1,4,4,3
"381",51,"Deliberation + Choice","7A",4,1,2,2,2,0,0,0,1,1,1,0,0,1,0,0,0,0,"","","",2,3,3,6,4,3
"382",57,"Deliberation + Choice","7A",5,1,2,0,1,4,2,0,1,1,0,0,1,1,0,0,1,0,"","","",2,2,2,6,2,6
"383",81,"Deliberation + Choice","7A",4,1,2,2,1,4,2,0,1,1,0,0,0,0,0,0,0,0,"","","",5,5,6,5,7,3
"384",64,"Deliberation + Choice","7A",4,1,2,3,2,1,1,1,0,1,0,1,1,1,1,0,1,0,"","","",1,1,1,4,7,1
"385",45,"Delbieration + Choice","7A",4,1,2,2,3,3,0,1,0,1,0,1,1,1,0,1,1,1,"","","",1,3,3,4,6,2
"386",52,"Deliberation + Choice","7A",4,1,3,2,2,2,2,0,1,1,1,1,0,1,0,0,1,1,"","","",2,2,1,3,6,2
"387",52,"Deliberation + Choice","7A",4,1,3,2,2,4,0,0,0,1,1,1,1,1,0,1,1,1,"","","",3,3,2,5,5,3
"388",40,"Delbieration + Choice","7A",4,1,3,0,4,4,2,1,1,1,0,1,1,1,0,1,1,1,"","","",3,2,2,6,5,3
"389",59,"Deliberation + Choice","7A",5,1,3,0,3,4,NA,0,1,0,1,1,0,1,0,0,1,0,"","","",1,1,4,5,4,2
"390",69,"Deliberation + Choice","7A",4,1,3,3,4,2,0,1,1,1,1,1,1,1,1,0,1,0,"","","",2,3,3,NA,NA,3
"391",35,"Delbieration + Choice","7A",4,0,3,3,4,4,1,1,0,1,1,0,1,1,0,1,1,0,"","","",1,2,2,6,5,5
"392",59,"Deliberation + Choice","7A",5,1,3,1,2,3,2,0,1,0,1,1,0,1,1,1,1,0,"","","",1,1,2,4,4,1
"393",97,"Deliberation + Choice","7A",4,0,3,2,4,1,1,1,1,1,1,1,1,1,0,1,1,0,"","","",2,2,4,6,6,3
"394",53,"Deliberation + Choice","7A",5,1,3,1,2,4,0,0,1,1,0,1,0,0,0,0,1,0,"","","",3,5,3,4,5,5
"395",78,"Deliberation + Choice","7A",5,1,4,3,2,3,5,0,1,1,1,1,1,1,0,0,1,0,"","","",6,5,5,3,5,4
"396",78,"Deliberation + Choice","7A",5,1,4,1,2,0,2,0,0,0,1,1,1,1,0,0,1,0,"","","",4,3,5,3,3,5
"397",47,"Delbieration + Choice","7A",4,1,4,0,3,4,0,1,1,1,0,0,1,1,1,0,1,1,"","","",1,1,1,1,4,1
"398",50,"Deliberation + Choice","7A",4,1,4,1,3,3,2,0,1,1,1,1,0,1,0,0,1,0,"","","",4,4,4,2,4,4
"399",72,"Deliberation + Choice","7A",4,1,4,2,2,1,1,1,0,1,1,1,0,1,0,1,0,0,"","","",5,5,4,5,5,4
"400",81,"Deliberation + Choice","7A",4,1,4,2,1,4,2,0,1,1,1,1,1,1,0,0,1,0,"","","",4,4,4,2,3,3
"401",81,"Deliberation + Choice","7A",4,1,4,2,2,2,5,0,0,1,0,1,0,1,0,0,1,0,"","","",2,2,2,2,3,3
"402",45,"Delbieration + Choice","7A",4,1,4,4,3,4,0,1,0,1,1,1,1,1,1,1,1,1,"","","",7,4,6,4,4,5
"403",51,"Deliberation + Choice","7A",4,1,4,2,3,1,5,1,0,0,1,0,0,0,0,0,0,0,"","","",5,5,5,6,4,1
"404",63,"Deliberation + Choice","7A",4,1,4,2,1,0,0,1,0,1,0,0,0,0,1,0,1,0,"","","",2,2,2,1,1,7
"405",57,"Deliberation + Choice","7A",5,1,4,0,3,0,3,0,1,0,0,1,0,0,0,0,0,0,"","","",4,4,4,4,4,1
"406",37,"Delbieration + Choice","7A",4,1,4,2,3,2,0,1,0,1,1,1,1,1,1,0,1,1,"","","",2,2,2,3,4,2
"407",78,"Deliberation + Choice","7A",5,1,4,2,2,0,5,0,0,0,0,1,0,1,0,0,1,0,"","","",4,4,4,4,4,3
"408",40,"Delbieration + Choice","7A",4,1,4,3,4,4,5,1,0,1,1,1,1,1,1,0,1,0,"","","",2,2,1,4,5,4
"409",47,"Delbieration + Choice","7A",4,1,5,1,3,3,0,1,1,1,0,0,1,0,1,0,1,0,"","","",3,6,6,NA,4,4
"410",36,"Delbieration + Choice","7A",4,0,5,3,2,3,0,1,0,1,1,1,1,1,1,0,1,1,"","","",6,7,7,5,5,3
"411",46,"Delbieration + Choice","7A",4,0,5,1,4,3,2,1,0,1,0,1,1,1,1,1,1,0,"","","",7,7,4,NA,NA,NA
"412",46,"Delbieration + Choice","7A",4,0,5,3,4,3,3,1,0,1,1,1,1,1,1,1,1,1,"","","",5,7,6,5,4,5
"413",41,"Delbieration + Choice","7A",4,0,6,4,3,3,0,1,1,1,1,1,1,1,1,1,1,1,"","","",5,5,4,5,5,5
"414",50,"Deliberation + Choice","7A",4,1,6,2,3,4,0,0,1,1,1,0,0,0,0,0,1,0,"","","",5,6,4,5,5,2
"415",37,"Delbieration + Choice","7A",4,1,6,2,4,3,2,1,0,1,0,1,1,1,1,1,1,1,"","","",5,7,7,3,2,5
"416",41,"Delbieration + Choice","7A",4,0,7,1,3,4,0,1,1,1,0,0,1,1,0,0,1,0,"","","",2,5,4,4,5,3
"417",63,"Deliberation + Choice","7A",4,1,7,2,1,0,1,1,0,0,0,0,1,0,0,0,0,0,"","","",5,5,4,7,7,7
"418",36,"Delbieration + Choice","7A",4,0,7,3,3,4,0,1,1,1,1,1,1,1,1,1,1,1,"","","",4,7,7,5,5,6
"419",58,"Deliberation + Choice","7B",3,0,1,4,2,3,1,0,0,1,0,0,1,1,0,0,1,0,"B","E","",2,2,3,5,2,5
"420",70,"Deliberation + Choice","7B",4,0,1,4,4,3,0,1,1,1,0,1,1,1,1,1,1,1,"B","E","A",1,1,2,5,4,3
"421",96,"Deliberation + Choice","7B",4,0,1,2,4,1,1,1,1,0,0,0,1,1,0,0,1,0,"A","","",3,2,1,5,5,1
"422",72,"Deliberation + Choice","7B",4,1,1,3.5,3,1,1,1,0,0,1,1,1,1,1,1,1,1,"B","E","F",2,3,4,4,6,3
"423",71,"Deliberation + Choice","7B",4,0,1,4,3,2,0,1,1,1,0,1,1,1,1,0,1,1,"D","B","",1,1,1,6,6,1
"424",64,"Deliberation + Choice","7B",4,1,1,3,3,0,3,1,1,1,1,1,1,1,1,0,1,0,"B","C","A",1,1,1,6,6,1
"425",40,"Delbieration + Choice","7B",4,1,1,4,4,4,0,1,1,1,1,0,0,0,1,1,1,0,"D","","",2,2,2,4,5,3
"426",45,"Delbieration + Choice","7B",4,1,1,4,3,4,1,1,1,1,1,1,1,1,1,1,1,1,"B","F","",1,1,4,5,4,4
"427",96,"Deliberation + Choice","7B",4,0,1,2,1,1,0,1,0,0,1,0,1,0,0,0,0,1,"A","","",2,3,1,5,5,1
"428",71,"Deliberation + Choice","7B",4,0,1,4,1,2,0,1,1,0,0,1,1,1,1,0,1,1,"B","E","",2,1,1,NA,NA,1
"429",70,"Deliberation + Choice","7B",4,0,1,3,3,3,0,1,1,1,0,1,1,1,1,0,1,0,"B","","",1,1,1,6,6,1
"430",97,"Deliberation + Choice","7B",4,0,1,2,2,1,1,1,1,0,1,1,0,0,1,0,0,0,"B","F","",2,1,2,4,5,6
"431",65,"Deliberation + Choice","7B",4,0,1,4,2,1,1,1,0,0,0,0,0,0,0,0,0,0,"A","B","",4,3,4,5,4,4
"432",53,"Deliberation + Choice","7B",5,1,1,2,3,3,1,0,1,0,0,0,0,1,0,0,1,0,"A","B","E",2,3,2,5,5,4
"433",97,"Deliberation + Choice","7B",4,0,1,2,3,1,1,1,1,0,1,1,0,1,0,0,1,0,"A","B","",3,2,2,5,5,1
"434",57,"Deliberation + Choice","7B",5,1,1,1,2,3,2,0,1,1,0,1,0,1,0,0,1,0,"B","E","E",2,2,2,4,5,3
"435",57,"Deliberation + Choice","7B",5,1,2,2,1,1,3,0,0,0,0,1,1,1,1,0,1,0,"D","A","",1,1,2,4,3,1
"436",35,"Delbieration + Choice","7B",4,0,2,3,4,4,0,1,1,1,1,1,1,1,1,1,1,1,"A","","",2,4,2,6,3,2
"437",51,"Deliberation + Choice","7B",4,1,2,1,2,4,0,0,1,1,1,1,0,1,0,0,1,0,"A","B","",2,1,1,1,1,2
"438",59,"Deliberation + Choice","7B",5,1,2,3,4,1,2,0,1,0,1,1,1,1,1,0,1,0,"A","B","",4,4,4,5,6,4
"439",69,"Deliberation + Choice","7B",4,1,2,3,4,3,0,1,1,1,1,1,1,1,1,0,1,0,"B","E","",3,2,2,5,5,2
"440",40,"Delbieration + Choice","7B",4,1,2,2,3,2,0,1,1,1,1,1,1,1,1,0,1,1,"D","B","",1,1,1,6,5,1
"441",35,"Delbieration + Choice","7B",4,0,3,2,3,4,2,1,0,0,0,1,1,1,0,1,1,0,"C","B","",2,3,2,5,1,3
"442",52,"Deliberation + Choice","7B",4,1,3,1,2,1,0,0,1,1,0,1,0,1,1,0,1,0,"B","E","F",3,2,5,5,5,3
"443",45,"Delbieration + Choice","7B",4,1,3,2,3,2,0,1,1,1,1,0,1,NA,0,1,1,0,"E","A","F",2,4,2,NA,NA,NA
"444",59,"Deliberation + Choice","7B",5,1,3,0,2,2,3,0,1,0,0,0,0,0,0,0,0,0,"A","B","",1,1,1,2,6,5
"445",58,"Deliberation + Choice","7B",3,0,3,1,2,3,2,0,1,0,0,1,0,1,0,0,1,0,"A","E","D",4,4,4,5,5,3
"446",65,"Deliberation + Choice","7B",4,0,3,3,3,1,NA,1,0,1,0,1,1,1,0,0,1,0,"A","F","",2,2,2,5,2,3
"447",51,"Deliberation + Choice","7B",4,1,3,1,2,0,1,0,1,1,0,0,1,1,0,0,1,0,"A","B","",1,3,1,3,5,4
"448",81,"Deliberation + Choice","7B",4,1,4,2,2,4,0,0,0,1,1,1,1,1,1,1,1,0,"C","D","",4,4,4,1,1,4
"449",53,"Deliberation + Choice","7B",5,1,4,2,2,3,0,0,1,1,1,1,1,0,1,0,1,0,"C","D","E",2,2,3,1,4,4
"450",59,"Deliberation + Choice","7B",5,1,4,3,2,4,2,0,1,0,0,1,0,1,1,0,1,1,"A","D","E",3,4,3,1,4,3
"451",52,"Deliberation + Choice","7B",4,1,4,1,3,1,5,0,0,0,1,1,0,1,0,0,0,0,"C","E","",6,6,6,4,4,4
"452",69,"Deliberation + Choice","7B",4,1,4,4,3,3,0,1,1,1,1,0,1,1,1,0,1,0,"C","E","",4,5,2,6,7,1
"453",72,"Deliberation + Choice","7B",4,1,4,2,4,1,0,1,0,0,0,0,0,1,0,1,1,1,"B","C","E",5,6,5,3,2,4
"454",64,"Deliberation + Choice","7B",4,1,4,3,2,4,0,0,0,1,1,1,1,1,0,0,1,0,"B","C","E",5,4,6,3,2,2
"455",53,"Deliberation + Choice","7B",5,1,4,3,2,3,0,0,1,0,0,1,0,0,0,0,1,0,"A","B","C",2,2,2,4,6,3
"456",78,"Deliberation + Choice","7B",5,1,4,2,2,4,0,0,0,1,0,NA,1,1,0,0,1,0,"A","B","C",3,3,2,4,3,2
"457",78,"Deliberation + Choice","7B",5,1,4,2,1,1,2,0,0,1,1,1,0,1,0,0,1,0,"C","E","",5,5,5,2,4,2
"458",46,"Delbieration + Choice","7B",4,0,5,2,4,2,0,1,1,1,1,1,1,1,1,1,1,1,"E","C","",7,7,7,2,3,4
"459",63,"Deliberation + Choice","7B",4,1,5,2,3,1,0,1,1,1,1,1,1,1,0,0,1,0,"E","C","",1,1,2,NA,NA,3
"460",41,"Delbieration + Choice","7B",4,0,5,4,3,1,0,1,0,1,1,1,1,1,1,1,1,1,"E","C","",7,6,6,2,2,5
"461",41,"Delbieration + Choice","7B",4,0,5,2,4,2,0,1,1,1,1,0,1,1,1,0,1,0,"F","","",7,7,7,5,6,4
"462",47,"Delbieration + Choice","7B",4,1,5,1,1,0,0,1,0,0,0,0,0,0,0,0,0,0,"D","C","",6,4,6,NA,NA,NA
"463",36,"Delbieration + Choice","7B",4,0,5,3,3,3,0,1,1,1,1,1,0,1,NA,0,1,0,"C","D","",2,7,6,7,4,4
"464",36,"Delbieration + Choice","7B",4,0,5,2,3,3,0,1,1,1,1,1,1,1,1,1,1,1,"C","D","",5,7,6,6,6,5
"465",37,"Delbieration + Choice","7B",4,1,6,2,4,4,0,1,0,1,1,1,1,1,1,1,1,0,"F","F","",7,7,7,5,5,3
"466",50,"Deliberation + Choice","7B",4,1,6,1,1,4,2,0,1,1,0,1,1,1,0,0,0,0,"C","F","",7,7,7,6,6,3
"467",47,"Delbieration + Choice","7B",4,1,6,3,3,4,0,1,1,1,0,1,1,1,1,1,1,0,"E","C","",7,7,7,6,4,3
"468",46,"Delbieration + Choice","7B",4,0,6,1,4,4,0,1,1,1,0,1,1,1,1,0,1,0,"F","","",7,7,4,4,4,4
"469",50,"Deliberation + Choice","7B",4,1,6,1,1,4,0,0,1,1,1,1,0,1,0,0,1,0,"C","E","F",6,6,4,5,5,4
"470",63,"Deliberation + Choice","7B",4,1,7,4,2,1,0,1,1,1,1,1,1,0,1,0,1,0,"C","","",5,6,6,NA,NA,4
"471",37,"Delbieration + Choice","7B",4,1,7,3,3,3,0,1,1,1,1,1,1,1,0,0,1,1,"E","C","",5,7,7,5,5,3
"472",32,"Deliberation + Forced Exposure","8A",4,1,1,2,3,4,1,1,1,0,1,1,1,1,1,1,1,0,"","","",5,4,5,2,2,2
"473",32,"Deliberation + Forced Exposure","8A",4,0,2,2,3,4,0,1,0,1,1,1,1,1,0,1,1,1,"","","",4,5,5,2,2,4
"474",98,"Deliberation + Forced Exposure","8A",6,1,2,3,4,1,0,1,0,1,0,1,1,1,1,1,1,1,"","","",4,5,5,1,4,1
"475",5,"Deliberation + Forced Exposure","8A",4,0,2,3,4,4,0,1,0,1,1,1,1,1,1,1,1,1,"","","",2,4,4,4,2,NA
"476",10,"Deliberation + Forced Exposure","8A",4,0,3,2,3,2,2,1,1,1,1,1,1,0,0,0,1,1,"","","",2,2,2,4,4,1
"477",202,"Deliberation + Forced Exposure","8A",4,0,3,2,2,1,0,1,1,1,0,0,0,0,1,0,1,0,"","","",4,5,4,3,3,6
"478",93,"Forced Exposure + Deliberation","8A",4,1,3,1,2,1,0,1,0,1,0,1,0,1,0,0,0,1,"","","",6,4,6,3,3,3
"479",8,"Deliberation + Forced Exposure","8A",4,1,3,1,2,3,0,1,0,1,0,0,1,0,0,0,1,1,"","","",4,5,4,3,4,5
"480",4,"Deliberation + Forced Exposure","8A",4,0,3,2,3,4,0,1,0,1,1,1,1,1,1,1,1,1,"","","",3,4,4,2,3,1
"481",91,"Forced Exposure + Deliberation","8A",6,0,3,2,2,3,2,0,0,1,0,1,0,1,0,0,1,0,"","","",6,6,4,3,4,1
"482",86,"Forced Exposure + Deliberation","8A",6,0,3,2,1,0,3,0,1,1,1,1,0,1,1,1,1,0,"","","",3,3,3,5,3,4
"483",23,"Deliberation + Forced Exposure","8A",4,0,3,2,3,3,0,1,0,1,1,1,1,1,1,0,1,0,"","","",4,4,4,NA,NA,NA
"484",8,"Deliberation + Forced Exposure","8A",4,1,4,2,4,2,0,1,0,1,1,1,1,1,1,1,1,1,"","","",1,1,4,3,2,4
"485",22,"Deliberation + Forced Exposure","8A",4,1,4,3,4,3,1,1,1,1,1,1,1,1,1,0,1,1,"","","",5,5,5,3,4,3
"486",9,"Deliberation + Forced Exposure","8A",4,1,4,1,2,3,0,1,0,1,1,1,1,1,0,0,1,1,"","","",7,7,4,2,4,7
"487",201,"Deliberation + Forced Exposure","8A",4,1,4,2,1,1,0,1,1,1,1,0,0,1,1,0,1,0,"","","",2,1,1,5,7,2
"488",32,"Deliberation + Forced Exposure","8A",4,1,4,3,3,1,0,1,0,1,1,1,1,1,1,1,1,1,"","","",2,2,4,NA,NA,NA
"489",201,"Deliberation + Forced Exposure","8A",4,1,5,3,2,NA,1,1,1,1,0,0,1,1,1,0,1,1,"","","",6,6,6,3,6,6
"490",91,"Forced Exposure + Deliberation","8A",6,0,5,2,2,4,0,0,0,1,1,1,1,1,1,0,1,0,"","","",4,4,5,5,3,4
"491",10,"Deliberation + Forced Exposure","8A",4,0,5,4,3,4,0,1,0,1,1,1,1,1,0,1,1,1,"","","",6,6,7,3,3,4
"492",22,"Deliberation + Forced Exposure","8A",4,1,5,4,4,3,0,1,0,0,1,1,1,1,1,1,1,0,"","","",7,7,7,2,5,7
"493",86,"Forced Exposure + Deliberation","8A",6,0,5,2,1,0,3,0,1,0,0,1,0,1,1,1,1,0,"","","",6,6,3,3,3,2
"494",5,"Deliberation + Forced Exposure","8A",4,0,5,3,4,3,0,1,0,1,1,1,1,1,1,1,1,0,"","","",6,6,6,3,3,3
"495",91,"Forced Exposure + Deliberation","8A",6,0,5,2,2,1,2,0,0,1,1,1,0,1,1,1,1,0,"","","",5,5,6,4,5,3
"496",9,"Deliberation + Forced Exposure","8A",4,1,6,2,3,4,0,1,1,1,1,1,1,1,1,1,1,1,"","","",4,4,4,5,3,7
"497",4,"Deliberation + Forced Exposure","8A",4,0,6,2,3,1,0,1,0,1,1,1,1,1,1,0,1,0,"","","",4,4,4,4,6,7
"498",32,"Deliberation + Forced Exposure","8A",4,0,6,2,4,3,0,1,0,1,1,1,1,1,1,0,1,1,"","","",4,4,4,3,5,5
"499",23,"Deliberation + Forced Exposure","8A",4,0,6,2,3,3,0,1,0,0,1,1,1,1,1,1,1,0,"","","",4,4,4,2,3,1
"500",98,"Deliberation + Forced Exposure","8A",6,1,7,3,3,NA,0,1,0,1,0,1,1,1,0,1,1,1,"","","",7,7,7,6,3,5
"501",93,"Forced Exposure + Deliberation","8A",4,1,7,3,4,1,0,1,0,1,0,1,1,1,0,0,1,1,"","","",7,7,7,4,2,1
"502",98,"Deliberation + Forced Exposure","8A",6,1,7,3,2,1,0,1,0,0,1,1,1,1,0,0,1,0,"","","",6,6,6,4,3,2
"503",202,"Deliberation + Forced Exposure","8A",4,0,7,2,2,1,0,1,0,1,1,1,0,0,0,0,1,0,"","","",5,6,6,3,1,4
"504",10,"Deliberation + Forced Exposure","8B",4,0,1,3,4,4,5,1,1,1,1,0,1,1,1,0,1,1,"","","",4,4,4,2,4,1
"505",4,"Deliberation + Forced Exposure","8B",4,0,1,2,3,4,0,1,1,1,1,1,1,1,1,0,1,0,"","","",5,5,4,3,5,1
"506",86,"Forced Exposure + Deliberation","8B",6,0,1,2,2,0,3,0,1,0,1,1,1,1,0,0,1,0,"","","",3,4,4,3,3,2
"507",5,"Deliberation + Forced Exposure","8B",4,0,1,3,4,4,1,NA,0,0,1,1,1,1,1,1,1,1,"","","",5,5,4,3,3,5
"508",8,"Deliberation + Forced Exposure","8B",4,1,2,4,4,4,0,1,0,1,0,1,1,1,1,1,1,1,"","","",2,5,4,5,3,3
"509",98,"Deliberation + Forced Exposure","8B",6,1,2,2,1,0,0,1,1,1,1,0,0,1,0,0,1,0,"","","",6,7,5,4,4,4
"510",32,"Deliberation + Forced Exposure","8B",4,0,2,2,1,1,0,1,0,1,1,1,0,1,1,1,1,0,"","","",5,5,5,1,1,1
"511",23,"Deliberation + Forced Exposure","8B",4,0,2,NA,4,4,2,1,0,1,1,1,1,0,1,0,1,0,"","","",3,5,5,5,3,2
"512",91,"Forced Exposure + Deliberation","8B",6,0,2,0,2,4,3,0,0,0,0,1,0,1,0,0,0,1,"","","",5,5,1,3,3,2
"513",91,"Forced Exposure + Deliberation","8B",6,0,3,0,1,3,5,0,0,0,1,1,0,0,0,0,1,1,"","","",4,5,5,4,6,1
"514",22,"Deliberation + Forced Exposure","8B",4,1,3,2,4,3,0,1,1,1,1,1,0,1,1,1,1,0,"","","",3,6,5,2,3,3
"515",202,"Deliberation + Forced Exposure","8B",4,0,3,1,2,1,0,1,1,0,0,0,0,0,0,0,0,0,"","","",5,5,5,2,2,1
"516",93,"Forced Exposure + Deliberation","8B",4,1,3,4,3,3,0,1,0,1,0,1,1,1,1,1,1,0,"","","",2,3,2,2,3,2
"517",201,"Deliberation + Forced Exposure","8B",4,1,3,1,3,3,0,1,1,0,1,0,0,0,1,1,1,1,"","","",NA,NA,NA,NA,NA,NA
"518",9,"Deliberation + Forced Exposure","8B",4,1,3,3,4,3,0,1,0,1,1,1,1,1,1,1,1,1,"","","",5,5,1,3,4,1
"519",32,"Deliberation + Forced Exposure","8B",4,1,3,1,2,0,2,1,1,1,1,1,0,1,0,0,1,0,"","","",5,5,5,1,2,3
"520",86,"Forced Exposure + Deliberation","8B",6,0,3,1,2,3,1,0,0,1,1,1,1,1,1,0,1,0,"","","",4,4,3,3,3,4
"521",98,"Deliberation + Forced Exposure","8B",6,1,4,2,2,NA,0,1,1,1,0,0,1,0,0,0,1,0,"","","",5,6,7,4,4,1
"522",22,"Deliberation + Forced Exposure","8B",4,1,5,4,3,3,0,1,0,1,1,1,1,1,1,1,1,0,"","","",5,7,7,4,3,4
"523",32,"Deliberation + Forced Exposure","8B",4,0,5,2,3,4,0,1,1,1,1,1,1,1,1,0,1,0,"","","",4,6,7,3,3,4
"524",201,"Deliberation + Forced Exposure","8B",4,1,5,3,2,3,0,1,1,0,1,0,1,1,1,0,1,0,"","","",4,6,6,4,3,6
"525",86,"Forced Exposure + Deliberation","8B",6,0,5,2,2,2,0,0,1,1,0,1,1,1,0,0,1,0,"","","",4,7,6,3,3,6
"526",86,"Forced Exposure + Deliberation","8B",6,0,5,1,1,4,0,0,0,1,1,1,0,1,1,0,1,0,"","","",5,5,5,3,3,5
"527",8,"Deliberation + Forced Exposure","8B",4,1,6,3,3,4,0,1,0,1,1,1,1,1,0,0,0,1,"","","",4,4,6,3,4,5
"528",4,"Deliberation + Forced Exposure","8B",4,0,6,3,3,1,0,1,0,0,1,1,1,1,1,1,1,1,"","","",4,6,7,3,3,1
"529",202,"Deliberation + Forced Exposure","8B",4,0,6,1,2,1,0,1,1,1,1,0,0,1,0,0,1,0,"","","",4,6,7,3,3,NA
"530",5,"Deliberation + Forced Exposure","8B",4,0,6,2,3,3,5,1,0,1,1,1,1,1,1,0,1,0,"","","",7,7,7,3,3,7
"531",32,"Deliberation + Forced Exposure","8B",4,1,6,1,3,4,1,1,1,0,0,0,0,1,NA,0,1,0,"","","",4,4,5,3,6,4
"532",9,"Deliberation + Forced Exposure","8B",4,1,6,2,3,1,0,1,1,1,1,0,1,0,0,0,1,0,"","","",4,6,7,NA,NA,NA
"533",91,"Forced Exposure + Deliberation","8B",6,0,6,1,2,4,2,0,0,1,0,1,0,1,0,0,1,0,"","","",6,5,7,3,3,5
"534",93,"Forced Exposure + Deliberation","8B",4,1,7,3,2,2,0,1,0,1,0,1,1,1,1,0,1,1,"","","",4,7,7,3,3,4
"535",10,"Deliberation + Forced Exposure","8B",4,0,7,2,3,3,0,1,1,1,1,1,1,1,1,1,1,1,"","","",3,4,7,4,3,5
"536",98,"Deliberation + Forced Exposure","8B",6,1,7,2,2,1,0,1,1,0,1,0,0,1,0,0,1,0,"","","",5,6,6,2,1,5
"537",23,"Deliberation + Forced Exposure","8B",4,0,7,3,4,4,0,1,0,1,1,1,1,1,1,1,1,1,"","","",4,6,5,2,2,2
"538",24,"Deliberation + Forced Exposure","9A",4,1,1,2,4,0,1,1,0,1,1,0,1,0,0,0,0,0,"","","",5,5,4,1,6,3
"539",14,"Deliberation + Forced Exposure","9A",4,1,1,4,3,3,0,1,0,1,1,1,1,1,0,0,1,1,"","","",3,4,6,4,4,1
"540",89,"Forced Exposure + Deliberation","9A",4,0,2,3,2,3,0,0,0,1,1,1,1,1,1,1,1,1,"","","",5,4,4,4,1,2
"541",33,"Deliberation + Forced Exposure","9A",4,0,2,1,3,0,2,1,0,1,0,1,0,0,1,0,1,0,"","","",4,3,3,1,3,2
"542",15,"Deliberation + Forced Exposure","9A",4,1,2,1,4,3,0,1,1,1,0,0,0,1,1,0,1,0,"","","",4,4,4,1,3,5
"543",90,"Forced Exposure + Deliberation","9A",4,0,2,2,2,4,0,0,0,0,1,1,0,1,1,0,1,0,"","","",4,4,4,5,3,1
"544",34,"Deliberation + Forced Exposure","9A",4,0,3,3,3,3,0,1,0,1,1,1,1,1,1,0,1,1,"","","",5,4,5,3,1,3
"545",99,"Deliberation + Forced Exposure","9A",6,1,3,1,1,0,0,1,1,0,1,0,0,1,1,0,0,0,"","","",4,4,6,1,NA,NA
"546",25,"Deliberation + Forced Exposure","9A",4,0,3,2,3,3,0,1,0,1,1,1,1,1,1,1,1,0,"","","",7,7,6,2,4,2
"547",99,"Deliberation + Forced Exposure","9A",6,1,4,3,2,1,0,1,1,1,1,0,0,1,0,0,1,0,"","","",7,6,7,3,4,NA
"548",14,"Deliberation + Forced Exposure","9A",4,1,4,4,4,4,0,1,0,1,1,1,1,1,1,1,1,1,"","","",1,1,1,2,2,1
"549",24,"Deliberation + Forced Exposure","9A",4,1,4,2,4,4,0,1,0,1,1,1,1,1,1,1,1,0,"","","",2,2,2,2,2,2
"550",34,"Deliberation + Forced Exposure","9A",4,0,5,2,3,3,0,1,0,0,0,1,1,0,0,1,1,0,"","","",5,5,4,3,3,4
"551",15,"Deliberation + Forced Exposure","9A",4,1,5,2,4,3,0,1,1,1,1,0,1,1,1,1,1,1,"","","",7,7,7,3,3,2
"552",33,"Deliberation + Forced Exposure","9A",4,0,5,2,4,2,0,1,0,1,0,0,0,1,0,0,1,0,"","","",5,4,6,3,4,3
"553",99,"Deliberation + Forced Exposure","9A",6,1,5,3,2,2,0,1,0,1,0,1,0,1,0,0,0,1,"","","",5,2,5,1,3,4
"554",90,"Forced Exposure + Deliberation","9A",4,0,6,2,2,2,0,0,0,1,1,1,0,1,1,0,1,0,"","","",4,6,5,3,5,5
"555",89,"Forced Exposure + Deliberation","9A",4,0,6,2,2,3,2,0,0,1,0,1,1,1,0,0,1,0,"","","",6,6,4,3,3,2
"556",25,"Deliberation + Forced Exposure","9A",4,0,6,3,3,2,0,1,0,1,1,0,1,0,0,1,1,1,"","","",7,7,5,5,3,5
"557",33,"Deliberation + Forced Exposure","9B",4,0,2,2,4,4,1,1,0,0,0,1,1,1,1,1,1,1,"","","",2,4,2,3,2,1
"558",25,"Deliberation + Forced Exposure","9B",4,0,2,3,3,2,0,1,1,1,1,1,1,1,1,1,1,1,"","","",4,4,3,4,2,3
"559",24,"Deliberation + Forced Exposure","9B",4,1,2,3,3,3,2,1,0,1,1,1,1,1,1,1,NA,0,"","","",4,4,3,5,6,2
"560",90,"Forced Exposure + Deliberation","9B",4,0,2,2,2,3,0,0,0,1,0,1,1,1,1,0,1,1,"","","",4,5,2,2,2,2
"561",15,"Deliberation + Forced Exposure","9B",4,1,3,2,3,3,0,1,1,1,1,1,1,1,1,1,1,0,"","","",3,4,3,2,NA,1
"562",89,"Forced Exposure + Deliberation","9B",4,0,3,2,2,3,0,0,0,1,0,1,1,1,1,0,1,1,"","","",6,4,4,2,7,3
"563",99,"Deliberation + Forced Exposure","9B",6,1,3,1,2,1,0,1,1,1,0,1,1,1,0,0,0,0,"","","",4,5,5,1,NA,4
"564",14,"Deliberation + Forced Exposure","9B",4,1,3,2,1,0,5,1,0,1,1,1,1,1,0,1,1,1,"","","",3,4,2,2,2,2
"565",34,"Deliberation + Forced Exposure","9B",4,0,3,2,3,3,2,1,0,1,1,1,1,1,1,0,1,1,"","","",3,4,2,3,3,2
"566",24,"Deliberation + Forced Exposure","9B",4,1,5,2,4,3,0,1,1,1,1,1,1,1,1,1,1,0,"","","",5,4,6,3,4,3
"567",89,"Forced Exposure + Deliberation","9B",4,0,5,2,2,3,0,0,0,1,1,1,0,0,1,0,1,1,"","","",5,6,2,4,4,1
"568",25,"Deliberation + Forced Exposure","9B",4,0,5,2,3,4,3,1,0,1,1,1,1,1,1,0,1,1,"","","",6,6,4,4,4,3
"569",15,"Deliberation + Forced Exposure","9B",4,1,6,3,3,3,0,1,0,1,1,0,1,1,1,0,1,1,"","","",4,6,4,4,3,3
"570",99,"Deliberation + Forced Exposure","9B",6,1,6,2,2,2,0,1,1,1,1,0,1,1,1,0,1,0,"","","",6,6,3,4,1,1
"571",14,"Deliberation + Forced Exposure","9B",4,1,6,2,4,3,0,1,0,1,1,1,1,1,1,1,0,1,"","","",4,3,4,3,4,6
"572",99,"Deliberation + Forced Exposure","9B",6,1,7,2,1,2,0,1,1,0,0,0,0,1,0,0,1,0,"","","",6,7,7,2,5,2
"573",90,"Forced Exposure + Deliberation","9B",4,0,7,4,2,3,0,0,0,1,1,1,1,1,1,1,1,1,"","","",6,6,6,4,4,4
"574",33,"Deliberation + Forced Exposure","9B",4,0,7,2,4,3,0,1,1,1,1,0,0,1,0,0,1,0,"","","",4,6,7,4,4,4
"575",34,"Deliberation + Forced Exposure","9B",4,0,7,4,4,4,0,1,0,1,1,1,1,1,1,0,1,1,"","","",6,7,6,2,2,4
